{
    "configuration": {
        "module": [
            {
                "ccr": "0",
                "chips": [
                    {
                        "address": 0,
                        "reg_01": 151204300,
                        "reg_02": 26839895,
                        "reg_03": 162742380,
                        "reg_10": 0,
                        "reg_11": 0,
                        "reg_12": 0,
                        "reg_13": 0,
                        "reg_14": 0,
                        "reg_15": 0,
                        "reg_16": 0,
                        "reg_17": 0,
                        "reg_20": 137363512,
                        "reg_21": 1124073984,
                        "reg_40": 331678444,
                        "reg_41": 3996970477,
                        "reg_42": 237181871,
                        "reg_43": 1437413360,
                        "reg_44": 2730631138,
                        "reg_45": 1088036606,
                        "reg_46": 3990888694,
                        "reg_47": 3943812760,
                        "reg_48": 603189040,
                        "reg_49": 3823162580,
                        "reg_4a": 3022983620,
                        "reg_4b": 3838958808,
                        "reg_4c": 2934888964,
                        "reg_4d": 418173729,
                        "reg_4e": 247389967,
                        "reg_4f": 4125865709,
                        "reg_50": 3485593036,
                        "reg_51": 267324492,
                        "reg_52": 3222450670,
                        "reg_53": 3822927855,
                        "reg_54": 259058349,
                        "reg_55": 4059240000,
                        "reg_56": 348475612,
                        "reg_57": 4287738360,
                        "reg_58": 1173158366,
                        "reg_59": 2681974787,
                        "reg_5a": 2385592256,
                        "reg_5b": 3210005583,
                        "reg_5c": 3738314725,
                        "reg_5d": 3582103566,
                        "reg_5e": 4023252737,
                        "reg_5f": 1982498509,
                        "reg_60": 3384287452,
                        "reg_61": 823969881,
                        "reg_62": 1349342675,
                        "reg_63": 1149421315,
                        "reg_64": 1215597072,
                        "reg_65": 366763952,
                        "reg_66": 842598336,
                        "reg_67": 3892803101,
                        "reg_68": 4294967295,
                        "reg_69": 4294967295,
                        "reg_6a": 4294967295,
                        "reg_6b": 4294967295,
                        "reg_6c": 4294967295,
                        "reg_6d": 4294967295,
                        "reg_6e": 4294967295,
                        "reg_6f": 4294967295
                    },
                    {
                        "address": 1,
                        "reg_01": 151204300,
                        "reg_02": 26839387,
                        "reg_03": 160628844,
                        "reg_10": 0,
                        "reg_11": 0,
                        "reg_12": 0,
                        "reg_13": 0,
                        "reg_14": 0,
                        "reg_15": 0,
                        "reg_16": 0,
                        "reg_17": 0,
                        "reg_20": 137363512,
                        "reg_21": 1124073984,
                        "reg_40": 3793172224,
                        "reg_41": 915825969,
                        "reg_42": 1123745299,
                        "reg_43": 215885087,
                        "reg_44": 4220190176,
                        "reg_45": 528531743,
                        "reg_46": 1042133264,
                        "reg_47": 3945585155,
                        "reg_48": 3243435761,
                        "reg_49": 1091583038,
                        "reg_4a": 4042752399,
                        "reg_4b": 4022780083,
                        "reg_4c": 1942224849,
                        "reg_4d": 3954118863,
                        "reg_4e": 1151732999,
                        "reg_4f": 417723107,
                        "reg_50": 2744607793,
                        "reg_51": 4275237967,
                        "reg_52": 3923099245,
                        "reg_53": 3824431370,
                        "reg_54": 3259003484,
                        "reg_55": 3375350524,
                        "reg_56": 1981079217,
                        "reg_57": 3389858090,
                        "reg_58": 583024144,
                        "reg_59": 383447892,
                        "reg_5a": 2687773710,
                        "reg_5b": 688655091,
                        "reg_5c": 3839619343,
                        "reg_5d": 3621864241,
                        "reg_5e": 31645954,
                        "reg_5f": 3774745695,
                        "reg_60": 2395209599,
                        "reg_61": 598193665,
                        "reg_62": 358414965,
                        "reg_63": 2514160721,
                        "reg_64": 1578112591,
                        "reg_65": 779166846,
                        "reg_66": 3917137883,
                        "reg_67": 1255628614,
                        "reg_68": 4294967295,
                        "reg_69": 4294967295,
                        "reg_6a": 4294967295,
                        "reg_6b": 4294967295,
                        "reg_6c": 4294967295,
                        "reg_6d": 4294967295,
                        "reg_6e": 4294967295,
                        "reg_6f": 4294967295
                    },
                    {
                        "address": 2,
                        "reg_01": 151205357,
                        "reg_02": 26840155,
                        "reg_03": 162742380,
                        "reg_10": 0,
                        "reg_11": 0,
                        "reg_12": 0,
                        "reg_13": 0,
                        "reg_14": 0,
                        "reg_15": 0,
                        "reg_16": 0,
                        "reg_17": 0,
                        "reg_20": 137363512,
                        "reg_21": 1124073984,
                        "reg_40": 4273977740,
                        "reg_41": 518986179,
                        "reg_42": 382739194,
                        "reg_43": 1425018606,
                        "reg_44": 4019890862,
                        "reg_45": 2374833312,
                        "reg_46": 2957831908,
                        "reg_47": 3924345373,
                        "reg_48": 2970111346,
                        "reg_49": 250794799,
                        "reg_4a": 1709093347,
                        "reg_4b": 827649743,
                        "reg_4c": 245311041,
                        "reg_4d": 4024134428,
                        "reg_4e": 4063347308,
                        "reg_4f": 3004357078,
                        "reg_50": 3457744351,
                        "reg_51": 570105805,
                        "reg_52": 4262620686,
                        "reg_53": 3689868643,
                        "reg_54": 1121975371,
                        "reg_55": 2621300829,
                        "reg_56": 739492873,
                        "reg_57": 1002113216,
                        "reg_58": 3185709374,
                        "reg_59": 231865803,
                        "reg_5a": 185264747,
                        "reg_5b": 3476999966,
                        "reg_5c": 46579246,
                        "reg_5d": 236114682,
                        "reg_5e": 3940498602,
                        "reg_5f": 2498395148,
                        "reg_60": 3638331648,
                        "reg_61": 375459072,
                        "reg_62": 3771045481,
                        "reg_63": 1886784143,
                        "reg_64": 20629536,
                        "reg_65": 2310415554,
                        "reg_66": 581079062,
                        "reg_67": 34125010,
                        "reg_68": 4294967295,
                        "reg_69": 4294967295,
                        "reg_6a": 4294967295,
                        "reg_6b": 4294967295,
                        "reg_6c": 4294967295,
                        "reg_6d": 4294967295,
                        "reg_6e": 4294967295,
                        "reg_6f": 4294967295
                    },
                    {
                        "address": 3,
                        "reg_01": 151204300,
                        "reg_02": 26839895,
                        "reg_03": 162742380,
                        "reg_10": 0,
                        "reg_11": 0,
                        "reg_12": 0,
                        "reg_13": 0,
                        "reg_14": 0,
                        "reg_15": 0,
                        "reg_16": 0,
                        "reg_17": 0,
                        "reg_20": 137363512,
                        "reg_21": 1124073984,
                        "reg_40": 2007181713,
                        "reg_41": 3954159053,
                        "reg_42": 3744600366,
                        "reg_43": 2201886692,
                        "reg_44": 236168186,
                        "reg_45": 370262556,
                        "reg_46": 825491200,
                        "reg_47": 741000377,
                        "reg_48": 170070980,
                        "reg_49": 252436764,
                        "reg_4a": 3468958843,
                        "reg_4b": 3686610309,
                        "reg_4c": 488394526,
                        "reg_4d": 3154887389,
                        "reg_4e": 3583033502,
                        "reg_4f": 720105221,
                        "reg_50": 960421100,
                        "reg_51": 1393525199,
                        "reg_52": 3268495824,
                        "reg_53": 3746429710,
                        "reg_54": 3718442442,
                        "reg_55": 3692283596,
                        "reg_56": 2970504880,
                        "reg_57": 217198275,
                        "reg_58": 2015482232,
                        "reg_59": 3435449122,
                        "reg_5a": 1358694637,
                        "reg_5b": 538587677,
                        "reg_5c": 3791645281,
                        "reg_5d": 2018237166,
                        "reg_5e": 4210305064,
                        "reg_5f": 1044320312,
                        "reg_60": 3913154649,
                        "reg_61": 2767451828,
                        "reg_62": 219850429,
                        "reg_63": 2186552490,
                        "reg_64": 576302240,
                        "reg_65": 2557031440,
                        "reg_66": 4006089654,
                        "reg_67": 2937724995,
                        "reg_68": 4294967295,
                        "reg_69": 4294967295,
                        "reg_6a": 4294967295,
                        "reg_6b": 4294967295,
                        "reg_6c": 4294967295,
                        "reg_6d": 4294967295,
                        "reg_6e": 4294967295,
                        "reg_6f": 4294967295
                    },
                    {
                        "address": 4,
                        "reg_01": 151205357,
                        "reg_02": 26839903,
                        "reg_03": 162742380,
                        "reg_10": 0,
                        "reg_11": 0,
                        "reg_12": 0,
                        "reg_13": 0,
                        "reg_14": 0,
                        "reg_15": 0,
                        "reg_16": 0,
                        "reg_17": 0,
                        "reg_20": 137363512,
                        "reg_21": 1124073984,
                        "reg_40": 746852543,
                        "reg_41": 2370900971,
                        "reg_42": 1356468137,
                        "reg_43": 3485270590,
                        "reg_44": 2163352560,
                        "reg_45": 3759144750,
                        "reg_46": 4056992543,
                        "reg_47": 2936021301,
                        "reg_48": 3254596605,
                        "reg_49": 4076318970,
                        "reg_4a": 1896715,
                        "reg_4b": 753929514,
                        "reg_4c": 3539668239,
                        "reg_4d": 3016296961,
                        "reg_4e": 819637822,
                        "reg_4f": 3179407899,
                        "reg_50": 3085634836,
                        "reg_51": 266268077,
                        "reg_52": 2985308205,
                        "reg_53": 292912463,
                        "reg_54": 1040078067,
                        "reg_55": 4279846942,
                        "reg_56": 4279137449,
                        "reg_57": 1094571679,
                        "reg_58": 557620701,
                        "reg_59": 1864146893,
                        "reg_5a": 3722641905,
                        "reg_5b": 4035244055,
                        "reg_5c": 3823221458,
                        "reg_5d": 1405202907,
                        "reg_5e": 3486429361,
                        "reg_5f": 3910000508,
                        "reg_60": 239615132,
                        "reg_61": 1062363869,
                        "reg_62": 2598786124,
                        "reg_63": 314723146,
                        "reg_64": 3663626315,
                        "reg_65": 3828099717,
                        "reg_66": 1444751584,
                        "reg_67": 570807377,
                        "reg_68": 4294967295,
                        "reg_69": 4294967295,
                        "reg_6a": 4294967295,
                        "reg_6b": 4294967295,
                        "reg_6c": 4294967295,
                        "reg_6d": 4294967295,
                        "reg_6e": 4294967295,
                        "reg_6f": 4294967295
                    },
                    {
                        "address": 5,
                        "reg_01": 151204333,
                        "reg_02": 26839647,
                        "reg_03": 160645228,
                        "reg_10": 0,
                        "reg_11": 0,
                        "reg_12": 0,
                        "reg_13": 0,
                        "reg_14": 0,
                        "reg_15": 0,
                        "reg_16": 0,
                        "reg_17": 0,
                        "reg_20": 137363512,
                        "reg_21": 1124073984,
                        "reg_40": 2379038655,
                        "reg_41": 927583951,
                        "reg_42": 2306816030,
                        "reg_43": 3721186428,
                        "reg_44": 971000301,
                        "reg_45": 3892771823,
                        "reg_46": 2178552264,
                        "reg_47": 3100365692,
                        "reg_48": 2982146010,
                        "reg_49": 3165451692,
                        "reg_4a": 3724221337,
                        "reg_4b": 3398425728,
                        "reg_4c": 2294005057,
                        "reg_4d": 3318531802,
                        "reg_4e": 388651835,
                        "reg_4f": 2968656649,
                        "reg_50": 3557223115,
                        "reg_51": 32250858,
                        "reg_52": 3452038653,
                        "reg_53": 3005349915,
                        "reg_54": 4285463087,
                        "reg_55": 218881800,
                        "reg_56": 3237923100,
                        "reg_57": 1794702270,
                        "reg_58": 166504253,
                        "reg_59": 3454718302,
                        "reg_5a": 2121994196,
                        "reg_5b": 3842632941,
                        "reg_5c": 2213485515,
                        "reg_5d": 3178438415,
                        "reg_5e": 3472492796,
                        "reg_5f": 413760177,
                        "reg_60": 696328,
                        "reg_61": 72097936,
                        "reg_62": 17301568,
                        "reg_63": 1518994433,
                        "reg_64": 2115029088,
                        "reg_65": 4366850,
                        "reg_66": 537396352,
                        "reg_67": 2164791880,
                        "reg_68": 4294967295,
                        "reg_69": 4294967295,
                        "reg_6a": 4294967295,
                        "reg_6b": 4294967295,
                        "reg_6c": 4294967295,
                        "reg_6d": 4294967295,
                        "reg_6e": 4294967295,
                        "reg_6f": 4294967295
                    },
                    {
                        "address": 6,
                        "reg_01": 151205356,
                        "reg_02": 26839899,
                        "reg_03": 160628844,
                        "reg_10": 0,
                        "reg_11": 0,
                        "reg_12": 0,
                        "reg_13": 0,
                        "reg_14": 0,
                        "reg_15": 0,
                        "reg_16": 0,
                        "reg_17": 0,
                        "reg_20": 137363512,
                        "reg_21": 1124073984,
                        "reg_40": 3713879899,
                        "reg_41": 4253339308,
                        "reg_42": 3976182784,
                        "reg_43": 4058916876,
                        "reg_44": 3985615788,
                        "reg_45": 4037678334,
                        "reg_46": 3543928149,
                        "reg_47": 3452952316,
                        "reg_48": 3267702451,
                        "reg_49": 1768821232,
                        "reg_4a": 4233906880,
                        "reg_4b": 3554696373,
                        "reg_4c": 14479028,
                        "reg_4d": 3739340559,
                        "reg_4e": 3570643403,
                        "reg_4f": 2410889278,
                        "reg_50": 3270239724,
                        "reg_51": 17622539,
                        "reg_52": 2718151109,
                        "reg_53": 316921484,
                        "reg_54": 3769097750,
                        "reg_55": 4280556480,
                        "reg_56": 4057015185,
                        "reg_57": 1041178317,
                        "reg_58": 1259028945,
                        "reg_59": 322593544,
                        "reg_5a": 748338320,
                        "reg_5b": 579796714,
                        "reg_5c": 321575242,
                        "reg_5d": 4039791132,
                        "reg_5e": 3166745605,
                        "reg_5f": 3142218519,
                        "reg_60": 1241715240,
                        "reg_61": 7031840,
                        "reg_62": 1495903577,
                        "reg_63": 508826305,
                        "reg_64": 3496337988,
                        "reg_65": 2824681794,
                        "reg_66": 3229740717,
                        "reg_67": 102190818,
                        "reg_68": 4294967295,
                        "reg_69": 4294967295,
                        "reg_6a": 4294967295,
                        "reg_6b": 4294967295,
                        "reg_6c": 4294967295,
                        "reg_6d": 4294967295,
                        "reg_6e": 4294967295,
                        "reg_6f": 4294967295
                    },
                    {
                        "address": 7,
                        "reg_01": 151204300,
                        "reg_02": 26839891,
                        "reg_03": 160596076,
                        "reg_10": 0,
                        "reg_11": 0,
                        "reg_12": 0,
                        "reg_13": 0,
                        "reg_14": 0,
                        "reg_15": 0,
                        "reg_16": 0,
                        "reg_17": 0,
                        "reg_20": 137363512,
                        "reg_21": 1124073984,
                        "reg_40": 3201425324,
                        "reg_41": 3838069999,
                        "reg_42": 4046273184,
                        "reg_43": 3986778288,
                        "reg_44": 3611359252,
                        "reg_45": 3415203472,
                        "reg_46": 1862192698,
                        "reg_47": 3555666889,
                        "reg_48": 352315479,
                        "reg_49": 2903235262,
                        "reg_4a": 3789382012,
                        "reg_4b": 966561339,
                        "reg_4c": 2652891600,
                        "reg_4d": 3454599672,
                        "reg_4e": 281481618,
                        "reg_4f": 2565717713,
                        "reg_50": 805301940,
                        "reg_51": 4273806480,
                        "reg_52": 3754738103,
                        "reg_53": 2632445456,
                        "reg_54": 3159350718,
                        "reg_55": 503509462,
                        "reg_56": 3235160491,
                        "reg_57": 3902717182,
                        "reg_58": 147624143,
                        "reg_59": 3251219759,
                        "reg_5a": 2381552029,
                        "reg_5b": 816286351,
                        "reg_5c": 253657241,
                        "reg_5d": 1036034382,
                        "reg_5e": 1704718092,
                        "reg_5f": 464304699,
                        "reg_60": 426334224,
                        "reg_61": 1216479539,
                        "reg_62": 2185502914,
                        "reg_63": 30215169,
                        "reg_64": 50596225,
                        "reg_65": 5551104,
                        "reg_66": 3221242500,
                        "reg_67": 2181207716,
                        "reg_68": 4294967295,
                        "reg_69": 4294967295,
                        "reg_6a": 4294967295,
                        "reg_6b": 4294967295,
                        "reg_6c": 4294967295,
                        "reg_6d": 4294967295,
                        "reg_6e": 4294967295,
                        "reg_6f": 4294967295
                    },
                    {
                        "address": 8,
                        "reg_01": 151205357,
                        "reg_02": 26839887,
                        "reg_03": 160661612,
                        "reg_10": 0,
                        "reg_11": 0,
                        "reg_12": 0,
                        "reg_13": 0,
                        "reg_14": 0,
                        "reg_15": 0,
                        "reg_16": 0,
                        "reg_17": 0,
                        "reg_20": 137363512,
                        "reg_21": 1124073984,
                        "reg_40": 2883028435,
                        "reg_41": 4225712109,
                        "reg_42": 3670800076,
                        "reg_43": 3384680175,
                        "reg_44": 3707953090,
                        "reg_45": 2668416586,
                        "reg_46": 2912694553,
                        "reg_47": 1295095806,
                        "reg_48": 4271930271,
                        "reg_49": 4006476742,
                        "reg_4a": 3920030764,
                        "reg_4b": 1272839854,
                        "reg_4c": 1267898572,
                        "reg_4d": 4185774020,
                        "reg_4e": 3922520346,
                        "reg_4f": 2316019941,
                        "reg_50": 264777920,
                        "reg_51": 4043299003,
                        "reg_52": 88956850,
                        "reg_53": 3755197918,
                        "reg_54": 3765604621,
                        "reg_55": 3702205166,
                        "reg_56": 741088176,
                        "reg_57": 1040182478,
                        "reg_58": 4058901144,
                        "reg_59": 222096089,
                        "reg_5a": 42002952,
                        "reg_5b": 1945234349,
                        "reg_5c": 3458793779,
                        "reg_5d": 3541875788,
                        "reg_5e": 2984975935,
                        "reg_5f": 3923299239,
                        "reg_60": 134219781,
                        "reg_61": 2685280817,
                        "reg_62": 2147614736,
                        "reg_63": 537002384,
                        "reg_64": 281625741,
                        "reg_65": 2158561366,
                        "reg_66": 1355980864,
                        "reg_67": 4874799,
                        "reg_68": 4294967295,
                        "reg_69": 4294967295,
                        "reg_6a": 4294967295,
                        "reg_6b": 4294967295,
                        "reg_6c": 4294967295,
                        "reg_6d": 4294967295,
                        "reg_6e": 4294967295,
                        "reg_6f": 4294967295
                    },
                    {
                        "address": 9,
                        "reg_01": 151205357,
                        "reg_02": 26839899,
                        "reg_03": 160628844,
                        "reg_10": 0,
                        "reg_11": 0,
                        "reg_12": 0,
                        "reg_13": 0,
                        "reg_14": 0,
                        "reg_15": 0,
                        "reg_16": 0,
                        "reg_17": 0,
                        "reg_20": 137363512,
                        "reg_21": 1124073984,
                        "reg_40": 735230721,
                        "reg_41": 3474847227,
                        "reg_42": 496666084,
                        "reg_43": 2986075418,
                        "reg_44": 1119920920,
                        "reg_45": 2628435341,
                        "reg_46": 3506497805,
                        "reg_47": 244044094,
                        "reg_48": 2651058160,
                        "reg_49": 2799622344,
                        "reg_4a": 3739223244,
                        "reg_4b": 2161832196,
                        "reg_4c": 2745094143,
                        "reg_4d": 3000417770,
                        "reg_4e": 3115241227,
                        "reg_4f": 3597844606,
                        "reg_50": 3589094095,
                        "reg_51": 3238587201,
                        "reg_52": 1649480925,
                        "reg_53": 2670059600,
                        "reg_54": 1560471055,
                        "reg_55": 48047550,
                        "reg_56": 3940556960,
                        "reg_57": 31216096,
                        "reg_58": 3746294704,
                        "reg_59": 2574105512,
                        "reg_5a": 175222079,
                        "reg_5b": 804118432,
                        "reg_5c": 1321411288,
                        "reg_5d": 3755630798,
                        "reg_5e": 2951663609,
                        "reg_5f": 3186753179,
                        "reg_60": 1182868627,
                        "reg_61": 2255618262,
                        "reg_62": 1193017393,
                        "reg_63": 369246272,
                        "reg_64": 670851848,
                        "reg_65": 3441282230,
                        "reg_66": 2173829153,
                        "reg_67": 268438684,
                        "reg_68": 4294967295,
                        "reg_69": 4294967295,
                        "reg_6a": 4294967295,
                        "reg_6b": 4294967295,
                        "reg_6c": 4294967295,
                        "reg_6d": 4294967295,
                        "reg_6e": 4294967295,
                        "reg_6f": 4294967295
                    }
                ],
                "chipset": "ABCStarv1 + HCCStarv1",
                "hcc": {
                    "address": 2,
                    "regs": [
                        37748736,
                        572662306,
                        546,
                        16726789,
                        0,
                        4,
                        268435455,
                        20,
                        2046,
                        196624,
                        196624,
                        0,
                        15,
                        7405571,
                        7405571,
                        0,
                        4285952
                    ]
                },
                "pos_to_addr": [
                    0,
                    1,
                    2,
                    3,
                    4,
                    5,
                    6,
                    7,
                    8,
                    9
                ],
                "pos_to_id": [
                    0,
                    1,
                    2,
                    3,
                    4,
                    5,
                    6,
                    7,
                    8,
                    9
                ],
                "stream": "18"
            },
            {
                "ccr": "0",
                "chips": [
                    {
                        "address": 0,
                        "reg_01": 151205357,
                        "reg_02": 26840159,
                        "reg_03": 158515308,
                        "reg_10": 0,
                        "reg_11": 0,
                        "reg_12": 0,
                        "reg_13": 0,
                        "reg_14": 0,
                        "reg_15": 0,
                        "reg_16": 0,
                        "reg_17": 0,
                        "reg_20": 137363512,
                        "reg_21": 1124073984,
                        "reg_40": 4043263698,
                        "reg_41": 1040201277,
                        "reg_42": 3240583698,
                        "reg_43": 4277345196,
                        "reg_44": 1597833681,
                        "reg_45": 237058829,
                        "reg_46": 115144375,
                        "reg_47": 3206487582,
                        "reg_48": 1108369843,
                        "reg_49": 888164591,
                        "reg_4a": 522588923,
                        "reg_4b": 4251170032,
                        "reg_4c": 489954719,
                        "reg_4d": 1121055730,
                        "reg_4e": 985324721,
                        "reg_4f": 1359396991,
                        "reg_50": 3000893634,
                        "reg_51": 4088995145,
                        "reg_52": 4262486042,
                        "reg_53": 354210079,
                        "reg_54": 2093792470,
                        "reg_55": 3758949118,
                        "reg_56": 832312575,
                        "reg_57": 973775695,
                        "reg_58": 4057932576,
                        "reg_59": 4061154857,
                        "reg_5a": 285190465,
                        "reg_5b": 1436749597,
                        "reg_5c": 77415544,
                        "reg_5d": 65937476,
                        "reg_5e": 525336489,
                        "reg_5f": 3941734849,
                        "reg_60": 411024969,
                        "reg_61": 717535917,
                        "reg_62": 901569789,
                        "reg_63": 3867235768,
                        "reg_64": 3862846285,
                        "reg_65": 2934729857,
                        "reg_66": 3670243919,
                        "reg_67": 497078255,
                        "reg_68": 4294967295,
                        "reg_69": 4294967295,
                        "reg_6a": 4294967295,
                        "reg_6b": 4294967295,
                        "reg_6c": 4294967295,
                        "reg_6d": 4294967295,
                        "reg_6e": 4294967295,
                        "reg_6f": 4294967295
                    },
                    {
                        "address": 1,
                        "reg_01": 151205356,
                        "reg_02": 26840143,
                        "reg_03": 158515308,
                        "reg_10": 0,
                        "reg_11": 0,
                        "reg_12": 0,
                        "reg_13": 0,
                        "reg_14": 0,
                        "reg_15": 0,
                        "reg_16": 0,
                        "reg_17": 0,
                        "reg_20": 137363512,
                        "reg_21": 1124073984,
                        "reg_40": 3745926540,
                        "reg_41": 870527502,
                        "reg_42": 1178563063,
                        "reg_43": 2692878419,
                        "reg_44": 1357083713,
                        "reg_45": 1147425700,
                        "reg_46": 232858143,
                        "reg_47": 3587380768,
                        "reg_48": 409936228,
                        "reg_49": 344334865,
                        "reg_4a": 790574390,
                        "reg_4b": 329158903,
                        "reg_4c": 1360061783,
                        "reg_4d": 1982038532,
                        "reg_4e": 265166142,
                        "reg_4f": 4275150884,
                        "reg_50": 4289340143,
                        "reg_51": 573072531,
                        "reg_52": 21036408,
                        "reg_53": 642070321,
                        "reg_54": 3742282526,
                        "reg_55": 2539093551,
                        "reg_56": 1321161941,
                        "reg_57": 2211625028,
                        "reg_58": 4046599038,
                        "reg_59": 454239359,
                        "reg_5a": 3539216149,
                        "reg_5b": 615793718,
                        "reg_5c": 1377301013,
                        "reg_5d": 1169289810,
                        "reg_5e": 2437679936,
                        "reg_5f": 5758447,
                        "reg_60": 4293254719,
                        "reg_61": 1604255711,
                        "reg_62": 3987734511,
                        "reg_63": 529203191,
                        "reg_64": 4294180652,
                        "reg_65": 3616406054,
                        "reg_66": 3747610238,
                        "reg_67": 4041988087,
                        "reg_68": 4294967295,
                        "reg_69": 4294967295,
                        "reg_6a": 4294967295,
                        "reg_6b": 4294967295,
                        "reg_6c": 4294967295,
                        "reg_6d": 4294967295,
                        "reg_6e": 4294967295,
                        "reg_6f": 4294967295
                    },
                    {
                        "address": 2,
                        "reg_01": 151204332,
                        "reg_02": 26839891,
                        "reg_03": 158498924,
                        "reg_10": 0,
                        "reg_11": 0,
                        "reg_12": 0,
                        "reg_13": 0,
                        "reg_14": 0,
                        "reg_15": 0,
                        "reg_16": 0,
                        "reg_17": 0,
                        "reg_20": 137363512,
                        "reg_21": 1124073984,
                        "reg_40": 2562591662,
                        "reg_41": 2877992175,
                        "reg_42": 3132784045,
                        "reg_43": 249694182,
                        "reg_44": 3945582201,
                        "reg_45": 379522516,
                        "reg_46": 766574634,
                        "reg_47": 3155373851,
                        "reg_48": 1405813393,
                        "reg_49": 232578813,
                        "reg_4a": 3860505000,
                        "reg_4b": 1640959297,
                        "reg_4c": 2458179521,
                        "reg_4d": 3736851115,
                        "reg_4e": 3172720592,
                        "reg_4f": 706379468,
                        "reg_50": 524201646,
                        "reg_51": 2598122971,
                        "reg_52": 3744844748,
                        "reg_53": 50195979,
                        "reg_54": 4055940542,
                        "reg_55": 366596800,
                        "reg_56": 3211643660,
                        "reg_57": 3981373659,
                        "reg_58": 3744407522,
                        "reg_59": 2645605964,
                        "reg_5a": 1254829053,
                        "reg_5b": 2947394827,
                        "reg_5c": 1460796192,
                        "reg_5d": 3773746576,
                        "reg_5e": 2899222000,
                        "reg_5f": 113041388,
                        "reg_60": 2550136840,
                        "reg_61": 983484704,
                        "reg_62": 1260683469,
                        "reg_63": 2686518353,
                        "reg_64": 3257928864,
                        "reg_65": 604161360,
                        "reg_66": 42471977,
                        "reg_67": 3221307699,
                        "reg_68": 4294967295,
                        "reg_69": 4294967295,
                        "reg_6a": 4294967295,
                        "reg_6b": 4294967295,
                        "reg_6c": 4294967295,
                        "reg_6d": 4294967295,
                        "reg_6e": 4294967295,
                        "reg_6f": 4294967295
                    },
                    {
                        "address": 3,
                        "reg_01": 151205357,
                        "reg_02": 26839907,
                        "reg_03": 158515308,
                        "reg_10": 0,
                        "reg_11": 0,
                        "reg_12": 0,
                        "reg_13": 0,
                        "reg_14": 0,
                        "reg_15": 0,
                        "reg_16": 0,
                        "reg_17": 0,
                        "reg_20": 137363512,
                        "reg_21": 1124073984,
                        "reg_40": 537869657,
                        "reg_41": 3004239807,
                        "reg_42": 2592164156,
                        "reg_43": 3196837882,
                        "reg_44": 1372268536,
                        "reg_45": 1245553164,
                        "reg_46": 1740701347,
                        "reg_47": 3998131102,
                        "reg_48": 763601214,
                        "reg_49": 987730862,
                        "reg_4a": 112389600,
                        "reg_4b": 3975599055,
                        "reg_4c": 3184087367,
                        "reg_4d": 1626541150,
                        "reg_4e": 1957494322,
                        "reg_4f": 3640584126,
                        "reg_50": 4110414065,
                        "reg_51": 1847330755,
                        "reg_52": 3943778499,
                        "reg_53": 4290835430,
                        "reg_54": 1269621025,
                        "reg_55": 3502177351,
                        "reg_56": 1850347985,
                        "reg_57": 4013048770,
                        "reg_58": 186683119,
                        "reg_59": 726653838,
                        "reg_5a": 3025880038,
                        "reg_5b": 3200037330,
                        "reg_5c": 4025424394,
                        "reg_5d": 2701200160,
                        "reg_5e": 4180730445,
                        "reg_5f": 1328407275,
                        "reg_60": 1734890,
                        "reg_61": 613541580,
                        "reg_62": 282133654,
                        "reg_63": 1145297414,
                        "reg_64": 356101445,
                        "reg_65": 1034764935,
                        "reg_66": 91070640,
                        "reg_67": 2755033866,
                        "reg_68": 4294967295,
                        "reg_69": 4294967295,
                        "reg_6a": 4294967295,
                        "reg_6b": 4294967295,
                        "reg_6c": 4294967295,
                        "reg_6d": 4294967295,
                        "reg_6e": 4294967295,
                        "reg_6f": 4294967295
                    },
                    {
                        "address": 4,
                        "reg_01": 151204332,
                        "reg_02": 26840163,
                        "reg_03": 156401772,
                        "reg_10": 0,
                        "reg_11": 0,
                        "reg_12": 0,
                        "reg_13": 0,
                        "reg_14": 0,
                        "reg_15": 0,
                        "reg_16": 0,
                        "reg_17": 0,
                        "reg_20": 137363512,
                        "reg_21": 1124073984,
                        "reg_40": 3430808563,
                        "reg_41": 4271964177,
                        "reg_42": 1052311281,
                        "reg_43": 4026313664,
                        "reg_44": 782310349,
                        "reg_45": 3999458766,
                        "reg_46": 4055355792,
                        "reg_47": 249162463,
                        "reg_48": 238011527,
                        "reg_49": 3668881885,
                        "reg_4a": 4076915089,
                        "reg_4b": 3741315216,
                        "reg_4c": 350884094,
                        "reg_4d": 3746483645,
                        "reg_4e": 2435963844,
                        "reg_4f": 3486696366,
                        "reg_50": 4043846826,
                        "reg_51": 3709341419,
                        "reg_52": 1562319535,
                        "reg_53": 3706724001,
                        "reg_54": 3154315086,
                        "reg_55": 3502230721,
                        "reg_56": 857543955,
                        "reg_57": 3945537696,
                        "reg_58": 3490258710,
                        "reg_59": 557252318,
                        "reg_5a": 1758092587,
                        "reg_5b": 3401778474,
                        "reg_5c": 518753177,
                        "reg_5d": 3438428644,
                        "reg_5e": 2446339563,
                        "reg_5f": 4191872340,
                        "reg_60": 25239297,
                        "reg_61": 2152019096,
                        "reg_62": 91292836,
                        "reg_63": 342958284,
                        "reg_64": 422062188,
                        "reg_65": 770392382,
                        "reg_66": 503505003,
                        "reg_67": 123213184,
                        "reg_68": 4294967295,
                        "reg_69": 4294967295,
                        "reg_6a": 4294967295,
                        "reg_6b": 4294967295,
                        "reg_6c": 4294967295,
                        "reg_6d": 4294967295,
                        "reg_6e": 4294967295,
                        "reg_6f": 4294967295
                    },
                    {
                        "address": 5,
                        "reg_01": 151205357,
                        "reg_02": 26840167,
                        "reg_03": 158498924,
                        "reg_10": 0,
                        "reg_11": 0,
                        "reg_12": 0,
                        "reg_13": 0,
                        "reg_14": 0,
                        "reg_15": 0,
                        "reg_16": 0,
                        "reg_17": 0,
                        "reg_20": 137363512,
                        "reg_21": 1124073984,
                        "reg_40": 3987602610,
                        "reg_41": 2329821214,
                        "reg_42": 2062278235,
                        "reg_43": 3419242238,
                        "reg_44": 3099173917,
                        "reg_45": 276871656,
                        "reg_46": 222231980,
                        "reg_47": 215675754,
                        "reg_48": 3959536079,
                        "reg_49": 9090523,
                        "reg_4a": 1347252448,
                        "reg_4b": 547433434,
                        "reg_4c": 466534156,
                        "reg_4d": 2680088930,
                        "reg_4e": 2545791161,
                        "reg_4f": 2643631820,
                        "reg_50": 1081075997,
                        "reg_51": 4024046850,
                        "reg_52": 184425392,
                        "reg_53": 3992696351,
                        "reg_54": 534606115,
                        "reg_55": 3225186369,
                        "reg_56": 1581276818,
                        "reg_57": 3724348699,
                        "reg_58": 531616065,
                        "reg_59": 3972705069,
                        "reg_5a": 3399229167,
                        "reg_5b": 3958377928,
                        "reg_5c": 12192504,
                        "reg_5d": 3442147053,
                        "reg_5e": 536527314,
                        "reg_5f": 4007665371,
                        "reg_60": 3585,
                        "reg_61": 2258685954,
                        "reg_62": 3638935600,
                        "reg_63": 268697986,
                        "reg_64": 42536898,
                        "reg_65": 179924871,
                        "reg_66": 403177607,
                        "reg_67": 411377864,
                        "reg_68": 4294967295,
                        "reg_69": 4294967295,
                        "reg_6a": 4294967295,
                        "reg_6b": 4294967295,
                        "reg_6c": 4294967295,
                        "reg_6d": 4294967295,
                        "reg_6e": 4294967295,
                        "reg_6f": 4294967295
                    },
                    {
                        "address": 6,
                        "reg_01": 151205357,
                        "reg_02": 26839903,
                        "reg_03": 158515308,
                        "reg_10": 0,
                        "reg_11": 0,
                        "reg_12": 0,
                        "reg_13": 0,
                        "reg_14": 0,
                        "reg_15": 0,
                        "reg_16": 0,
                        "reg_17": 0,
                        "reg_20": 137363512,
                        "reg_21": 1124073984,
                        "reg_40": 1292586460,
                        "reg_41": 3746733518,
                        "reg_42": 3157131393,
                        "reg_43": 1128341021,
                        "reg_44": 214822035,
                        "reg_45": 1943110612,
                        "reg_46": 579228637,
                        "reg_47": 2986408434,
                        "reg_48": 239447575,
                        "reg_49": 3992322875,
                        "reg_4a": 168037381,
                        "reg_4b": 30126573,
                        "reg_4c": 3185443885,
                        "reg_4d": 3218124564,
                        "reg_4e": 2127360031,
                        "reg_4f": 3469733625,
                        "reg_50": 3543236527,
                        "reg_51": 4231014097,
                        "reg_52": 227815227,
                        "reg_53": 1373750060,
                        "reg_54": 664973297,
                        "reg_55": 2450584499,
                        "reg_56": 3787461633,
                        "reg_57": 3505332223,
                        "reg_58": 3473850608,
                        "reg_59": 3745382382,
                        "reg_5a": 4029529885,
                        "reg_5b": 3155690768,
                        "reg_5c": 433963311,
                        "reg_5d": 847434553,
                        "reg_5e": 2629902639,
                        "reg_5f": 1191177953,
                        "reg_60": 4197265576,
                        "reg_61": 1910265217,
                        "reg_62": 3300531890,
                        "reg_63": 398094,
                        "reg_64": 3600432496,
                        "reg_65": 1214248345,
                        "reg_66": 794959909,
                        "reg_67": 3240023684,
                        "reg_68": 4294967295,
                        "reg_69": 4294967295,
                        "reg_6a": 4294967295,
                        "reg_6b": 4294967295,
                        "reg_6c": 4294967295,
                        "reg_6d": 4294967295,
                        "reg_6e": 4294967295,
                        "reg_6f": 4294967295
                    },
                    {
                        "address": 7,
                        "reg_01": 151205357,
                        "reg_02": 26840159,
                        "reg_03": 158498924,
                        "reg_10": 0,
                        "reg_11": 0,
                        "reg_12": 0,
                        "reg_13": 0,
                        "reg_14": 0,
                        "reg_15": 0,
                        "reg_16": 0,
                        "reg_17": 0,
                        "reg_20": 137363512,
                        "reg_21": 1124073984,
                        "reg_40": 280488173,
                        "reg_41": 1379531524,
                        "reg_42": 3861586448,
                        "reg_43": 17580109,
                        "reg_44": 1309855469,
                        "reg_45": 694303851,
                        "reg_46": 515043633,
                        "reg_47": 1121644910,
                        "reg_48": 489562897,
                        "reg_49": 725616827,
                        "reg_4a": 2485398016,
                        "reg_4b": 3735671297,
                        "reg_4c": 3221940778,
                        "reg_4d": 3136079036,
                        "reg_4e": 2445127113,
                        "reg_4f": 249626113,
                        "reg_50": 3665960389,
                        "reg_51": 3955142349,
                        "reg_52": 974422542,
                        "reg_53": 2864451300,
                        "reg_54": 833445155,
                        "reg_55": 3791826924,
                        "reg_56": 3222208726,
                        "reg_57": 1175261580,
                        "reg_58": 3753883059,
                        "reg_59": 486543630,
                        "reg_5a": 413573233,
                        "reg_5b": 3314531401,
                        "reg_5c": 1016075503,
                        "reg_5d": 3918188186,
                        "reg_5e": 3404720588,
                        "reg_5f": 3501325333,
                        "reg_60": 4000310208,
                        "reg_61": 3331832496,
                        "reg_62": 125548719,
                        "reg_63": 2470446178,
                        "reg_64": 146669625,
                        "reg_65": 2892853451,
                        "reg_66": 1117109761,
                        "reg_67": 1375731868,
                        "reg_68": 4294967295,
                        "reg_69": 4294967295,
                        "reg_6a": 4294967295,
                        "reg_6b": 4294967295,
                        "reg_6c": 4294967295,
                        "reg_6d": 4294967295,
                        "reg_6e": 4294967295,
                        "reg_6f": 4294967295
                    },
                    {
                        "address": 8,
                        "reg_01": 151204300,
                        "reg_02": 26839887,
                        "reg_03": 156418156,
                        "reg_10": 0,
                        "reg_11": 0,
                        "reg_12": 0,
                        "reg_13": 0,
                        "reg_14": 0,
                        "reg_15": 0,
                        "reg_16": 0,
                        "reg_17": 0,
                        "reg_20": 137363512,
                        "reg_21": 1124073984,
                        "reg_40": 168762859,
                        "reg_41": 199296754,
                        "reg_42": 602536310,
                        "reg_43": 568366266,
                        "reg_44": 288099276,
                        "reg_45": 3804104733,
                        "reg_46": 4163020820,
                        "reg_47": 3937011871,
                        "reg_48": 3790414609,
                        "reg_49": 3669073744,
                        "reg_4a": 2452618498,
                        "reg_4b": 3840741581,
                        "reg_4c": 217103565,
                        "reg_4d": 3389822675,
                        "reg_4e": 3745492910,
                        "reg_4f": 4224817646,
                        "reg_50": 3021454349,
                        "reg_51": 706597117,
                        "reg_52": 493597280,
                        "reg_53": 1005055477,
                        "reg_54": 1826548706,
                        "reg_55": 3275603695,
                        "reg_56": 2715933686,
                        "reg_57": 497869884,
                        "reg_58": 4258992320,
                        "reg_59": 1066274800,
                        "reg_5a": 282275294,
                        "reg_5b": 221503212,
                        "reg_5c": 114796783,
                        "reg_5d": 3417445873,
                        "reg_5e": 4205383773,
                        "reg_5f": 48205053,
                        "reg_60": 3569457640,
                        "reg_61": 137579240,
                        "reg_62": 1281561423,
                        "reg_63": 270541200,
                        "reg_64": 2424677490,
                        "reg_65": 2253414529,
                        "reg_66": 2698545421,
                        "reg_67": 3222150548,
                        "reg_68": 4294967295,
                        "reg_69": 4294967295,
                        "reg_6a": 4294967295,
                        "reg_6b": 4294967295,
                        "reg_6c": 4294967295,
                        "reg_6d": 4294967295,
                        "reg_6e": 4294967295,
                        "reg_6f": 4294967295
                    },
                    {
                        "address": 9,
                        "reg_01": 151204332,
                        "reg_02": 26839895,
                        "reg_03": 158498924,
                        "reg_10": 0,
                        "reg_11": 0,
                        "reg_12": 0,
                        "reg_13": 0,
                        "reg_14": 0,
                        "reg_15": 0,
                        "reg_16": 0,
                        "reg_17": 0,
                        "reg_20": 137363512,
                        "reg_21": 1124073984,
                        "reg_40": 129155796,
                        "reg_41": 552600866,
                        "reg_42": 1876794658,
                        "reg_43": 4280030164,
                        "reg_44": 2143427877,
                        "reg_45": 2773433924,
                        "reg_46": 1292109805,
                        "reg_47": 1068603588,
                        "reg_48": 235631839,
                        "reg_49": 4091567203,
                        "reg_4a": 3774951391,
                        "reg_4b": 1413715750,
                        "reg_4c": 1240199457,
                        "reg_4d": 21836084,
                        "reg_4e": 1873276524,
                        "reg_4f": 1707323364,
                        "reg_50": 298991950,
                        "reg_51": 220399329,
                        "reg_52": 4143775022,
                        "reg_53": 3806858979,
                        "reg_54": 1909247,
                        "reg_55": 3589125090,
                        "reg_56": 2422350318,
                        "reg_57": 1016428337,
                        "reg_58": 1625474182,
                        "reg_59": 3250696235,
                        "reg_5a": 4095742437,
                        "reg_5b": 1559115885,
                        "reg_5c": 4051371265,
                        "reg_5d": 69075745,
                        "reg_5e": 3217781918,
                        "reg_5f": 3477274943,
                        "reg_60": 764141525,
                        "reg_61": 2646371227,
                        "reg_62": 4151860140,
                        "reg_63": 1370681287,
                        "reg_64": 1497546206,
                        "reg_65": 2675721708,
                        "reg_66": 2323470039,
                        "reg_67": 1007480655,
                        "reg_68": 4294967295,
                        "reg_69": 4294967295,
                        "reg_6a": 4294967295,
                        "reg_6b": 4294967295,
                        "reg_6c": 4294967295,
                        "reg_6d": 4294967295,
                        "reg_6e": 4294967295,
                        "reg_6f": 4294967295
                    }
                ],
                "chipset": "ABCStarv1 + HCCStarv1",
                "hcc": {
                    "address": 3,
                    "regs": [
                        37748736,
                        572662306,
                        546,
                        16726789,
                        0,
                        4,
                        268435455,
                        20,
                        2046,
                        196624,
                        196624,
                        0,
                        15,
                        7405571,
                        7405571,
                        0,
                        4285952
                    ]
                },
                "pos_to_addr": [
                    0,
                    1,
                    2,
                    3,
                    4,
                    5,
                    6,
                    7,
                    8,
                    9
                ],
                "pos_to_id": [
                    0,
                    1,
                    2,
                    3,
                    4,
                    5,
                    6,
                    7,
                    8,
                    9
                ],
                "stream": "16"
            }
        ]
    },
    "scan_info": {
        "BC ID reset frequency": 0,
        "COM_DELAY": 200,
        "Config frequency": 0,
        "L1A per loop": 1,
        "PULSE_DELAY": 129,
        "Soft reset frequency": 1000,
        "TRIG_DELAY": 20,
        "abc_busy_limit": 5,
        "abort_on_l0id_mismatch": 0,
        "burst max timeouts": 6,
        "burst maxtrigs": 1000000,
        "burst ntrigs": 1024,
        "burst target": 10,
        "burst trtype": 3,
        "burst type": 50,
        "check_l0id_offset": 0,
        "continue_event_count_between_bursts": 0,
        "debug level": 0,
        "do action DCS": 1,
        "do autostop": 1,
        "do calibration loop": 0,
        "do fill evtree": 0,
        "do fits": 1,
        "do mask by cal": 0,
        "do mask test": 0,
        "do pre burst": 0,
        "do threaded burst": 1,
        "do vary ntrigs": 0,
        "do_check_l0id": 0,
        "do_read_post_scan_config": 1,
        "drop_extra_events": 0,
        "dump_raw_data": 0,
        "external_trigger_source": 255,
        "fill_delta_t": 1,
        "fill_timebin_hit_data": 0,
        "fill_tree_counter": 0,
        "hcc_star_select_decoder": 0,
        "one_bank": 0,
        "pack_hitmap_bits": 0,
        "pull_event_by_l0": 1,
        "rate_limit_delay": 0,
        "read_tdc_data": 0,
        "reset_on_l0id_mismatch": 0,
        "save_event_hit_data": 0,
        "save_raw_event_data": 0,
        "save_trigger_data": 0,
        "send signals": 0,
        "send_raw_event_data": 0,
        "send_signal_event_offset": 0,
        "signal_filler_events": 0,
        "throw away triggers": 0,
        "trigger_single_packet": 1,
        "ttc_busy_limit": 5,
        "wait_external_trigger_timeout": 5
    },
    "scan_points": {
        "scan_type": 1,
        "scan_type_string": "THRESHOLD (DAC)",
        "scan_values": [
            44.0,
            45.0,
            46.0,
            47.0,
            48.0,
            49.0,
            50.0,
            51.0,
            52.0,
            53.0,
            54.0,
            55.0,
            56.0,
            57.0,
            58.0,
            59.0,
            60.0,
            61.0,
            62.0,
            63.0,
            64.0,
            65.0,
            66.0,
            67.0,
            68.0,
            69.0,
            70.0,
            71.0,
            72.0,
            73.0,
            74.0,
            75.0,
            76.0,
            77.0,
            78.0,
            79.0,
            80.0,
            81.0,
            82.0,
            83.0,
            84.0,
            85.0,
            86.0,
            87.0,
            88.0,
            89.0,
            90.0,
            91.0,
            92.0,
            93.0,
            94.0,
            95.0,
            96.0,
            97.0,
            98.0,
            99.0,
            100.0,
            101.0,
            102.0,
            103.0,
            104.0,
            105.0,
            106.0,
            107.0,
            108.0,
            109.0,
            110.0,
            111.0,
            112.0,
            113.0,
            114.0,
            115.0,
            116.0,
            117.0,
            118.0,
            119.0,
            120.0,
            121.0,
            122.0,
            123.0,
            124.0,
            125.0,
            126.0,
            127.0,
            128.0,
            129.0,
            130.0,
            131.0,
            132.0,
            133.0,
            134.0,
            135.0,
            136.0,
            137.0,
            138.0,
            139.0,
            140.0,
            141.0,
            142.0,
            143.0,
            144.0,
            145.0,
            146.0,
            147.0,
            148.0,
            149.0,
            150.0,
            151.0,
            152.0,
            153.0,
            154.0,
            155.0,
            156.0,
            157.0,
            158.0,
            159.0,
            160.0,
            161.0,
            162.0,
            163.0,
            164.0,
            165.0,
            166.0,
            167.0,
            168.0,
            169.0,
            170.0,
            171.0,
            172.0,
            173.0,
            174.0,
            175.0,
            176.0,
            177.0,
            178.0,
            179.0,
            180.0,
            181.0,
            182.0,
            183.0,
            184.0,
            185.0,
            186.0,
            187.0,
            188.0,
            189.0,
            190.0,
            191.0,
            192.0,
            193.0,
            194.0
        ]
    },
    "schema_version": 2,
    "system_info": {
        "GIT Describe": "itsdaq_23_3_2023-762-gaaa93536d",
        "GIT URL": "https://gitlab.cern.ch/atlas-itk-strips-daq/itsdaq-sw.git/-/tree/aaa93536d1b4f8d0e258c9c1a60e2ce28885f70b",
        "GIT branch": "",
        "GIT commit date": "2023-10-06 15:07:35 +0000 (Fri, 06 Oct 2023)",
        "GIT info extracted": "2023-10-09 08:26:38 +0000 (Mon, 09 Oct 2023)",
        "GIT revision": "aaa93536d1b4f8d0e258c9c1a60e2ce28885f70b",
        "dedication": "New dedication as we're going for PPA",
        "firmware": "0xb640"
    },
    "trigger_sequence": [
        {
            "command": "cal_pulse"
        },
        {
            "delay": 20
        },
        {
            "command": "none"
        },
        {
            "delay": 0
        },
        {
            "loop": {
                "count": 1,
                "sequence": [
                    {
                        "command": "trigger"
                    },
                    {
                        "delay": 0
                    }
                ]
            }
        }
    ]
}
