{
    "configuration": {
        "module": [
            {
                "ccr": "0",
                "chips": [
                    {
                        "address": 0,
                        "reg_01": 13644236,
                        "reg_02": 25168694,
                        "reg_03": 162742428,
                        "reg_10": 0,
                        "reg_11": 0,
                        "reg_12": 0,
                        "reg_13": 0,
                        "reg_14": 0,
                        "reg_15": 0,
                        "reg_16": 0,
                        "reg_17": 0,
                        "reg_20": 26214456,
                        "reg_21": 1124073984,
                        "reg_40": 0,
                        "reg_41": 0,
                        "reg_42": 0,
                        "reg_43": 0,
                        "reg_44": 0,
                        "reg_45": 0,
                        "reg_46": 0,
                        "reg_47": 0,
                        "reg_48": 0,
                        "reg_49": 0,
                        "reg_4a": 0,
                        "reg_4b": 0,
                        "reg_4c": 0,
                        "reg_4d": 0,
                        "reg_4e": 0,
                        "reg_4f": 0,
                        "reg_50": 0,
                        "reg_51": 0,
                        "reg_52": 0,
                        "reg_53": 0,
                        "reg_54": 0,
                        "reg_55": 0,
                        "reg_56": 0,
                        "reg_57": 0,
                        "reg_58": 0,
                        "reg_59": 0,
                        "reg_5a": 0,
                        "reg_5b": 0,
                        "reg_5c": 0,
                        "reg_5d": 0,
                        "reg_5e": 0,
                        "reg_5f": 0,
                        "reg_60": 4294967295,
                        "reg_61": 4294967295,
                        "reg_62": 4294967295,
                        "reg_63": 4294967295,
                        "reg_64": 4294967295,
                        "reg_65": 4294967295,
                        "reg_66": 4294967295,
                        "reg_67": 4294967295,
                        "reg_68": 0,
                        "reg_69": 0,
                        "reg_6a": 0,
                        "reg_6b": 0,
                        "reg_6c": 0,
                        "reg_6d": 0,
                        "reg_6e": 0,
                        "reg_6f": 0
                    },
                    {
                        "address": 1,
                        "reg_01": 13644236,
                        "reg_02": 25168182,
                        "reg_03": 160628892,
                        "reg_10": 0,
                        "reg_11": 0,
                        "reg_12": 0,
                        "reg_13": 0,
                        "reg_14": 0,
                        "reg_15": 0,
                        "reg_16": 0,
                        "reg_17": 0,
                        "reg_20": 26214456,
                        "reg_21": 1124073984,
                        "reg_40": 0,
                        "reg_41": 0,
                        "reg_42": 0,
                        "reg_43": 0,
                        "reg_44": 0,
                        "reg_45": 0,
                        "reg_46": 0,
                        "reg_47": 0,
                        "reg_48": 0,
                        "reg_49": 0,
                        "reg_4a": 0,
                        "reg_4b": 0,
                        "reg_4c": 0,
                        "reg_4d": 0,
                        "reg_4e": 0,
                        "reg_4f": 0,
                        "reg_50": 0,
                        "reg_51": 0,
                        "reg_52": 0,
                        "reg_53": 0,
                        "reg_54": 0,
                        "reg_55": 0,
                        "reg_56": 0,
                        "reg_57": 0,
                        "reg_58": 0,
                        "reg_59": 0,
                        "reg_5a": 0,
                        "reg_5b": 0,
                        "reg_5c": 0,
                        "reg_5d": 0,
                        "reg_5e": 0,
                        "reg_5f": 0,
                        "reg_60": 4294967295,
                        "reg_61": 4294967295,
                        "reg_62": 4294967295,
                        "reg_63": 4294967295,
                        "reg_64": 4294967295,
                        "reg_65": 4294967295,
                        "reg_66": 4294967295,
                        "reg_67": 4294967295,
                        "reg_68": 0,
                        "reg_69": 0,
                        "reg_6a": 0,
                        "reg_6b": 0,
                        "reg_6c": 0,
                        "reg_6d": 0,
                        "reg_6e": 0,
                        "reg_6f": 0
                    },
                    {
                        "address": 2,
                        "reg_01": 13645293,
                        "reg_02": 25168950,
                        "reg_03": 162742428,
                        "reg_10": 0,
                        "reg_11": 0,
                        "reg_12": 0,
                        "reg_13": 0,
                        "reg_14": 0,
                        "reg_15": 0,
                        "reg_16": 0,
                        "reg_17": 0,
                        "reg_20": 26214456,
                        "reg_21": 1124073984,
                        "reg_40": 0,
                        "reg_41": 0,
                        "reg_42": 0,
                        "reg_43": 0,
                        "reg_44": 0,
                        "reg_45": 0,
                        "reg_46": 0,
                        "reg_47": 0,
                        "reg_48": 0,
                        "reg_49": 0,
                        "reg_4a": 0,
                        "reg_4b": 0,
                        "reg_4c": 0,
                        "reg_4d": 0,
                        "reg_4e": 0,
                        "reg_4f": 0,
                        "reg_50": 0,
                        "reg_51": 0,
                        "reg_52": 0,
                        "reg_53": 0,
                        "reg_54": 0,
                        "reg_55": 0,
                        "reg_56": 0,
                        "reg_57": 0,
                        "reg_58": 0,
                        "reg_59": 0,
                        "reg_5a": 0,
                        "reg_5b": 0,
                        "reg_5c": 0,
                        "reg_5d": 0,
                        "reg_5e": 0,
                        "reg_5f": 0,
                        "reg_60": 4294967295,
                        "reg_61": 4294967295,
                        "reg_62": 4294967295,
                        "reg_63": 4294967295,
                        "reg_64": 4294967295,
                        "reg_65": 4294967295,
                        "reg_66": 4294967295,
                        "reg_67": 4294967295,
                        "reg_68": 0,
                        "reg_69": 0,
                        "reg_6a": 0,
                        "reg_6b": 0,
                        "reg_6c": 0,
                        "reg_6d": 0,
                        "reg_6e": 0,
                        "reg_6f": 0
                    },
                    {
                        "address": 3,
                        "reg_01": 13644236,
                        "reg_02": 25168694,
                        "reg_03": 162742428,
                        "reg_10": 0,
                        "reg_11": 0,
                        "reg_12": 0,
                        "reg_13": 0,
                        "reg_14": 0,
                        "reg_15": 0,
                        "reg_16": 0,
                        "reg_17": 0,
                        "reg_20": 26214456,
                        "reg_21": 1124073984,
                        "reg_40": 0,
                        "reg_41": 0,
                        "reg_42": 0,
                        "reg_43": 0,
                        "reg_44": 0,
                        "reg_45": 0,
                        "reg_46": 0,
                        "reg_47": 0,
                        "reg_48": 0,
                        "reg_49": 0,
                        "reg_4a": 0,
                        "reg_4b": 0,
                        "reg_4c": 0,
                        "reg_4d": 0,
                        "reg_4e": 0,
                        "reg_4f": 0,
                        "reg_50": 0,
                        "reg_51": 0,
                        "reg_52": 0,
                        "reg_53": 0,
                        "reg_54": 0,
                        "reg_55": 0,
                        "reg_56": 0,
                        "reg_57": 0,
                        "reg_58": 0,
                        "reg_59": 0,
                        "reg_5a": 0,
                        "reg_5b": 0,
                        "reg_5c": 0,
                        "reg_5d": 0,
                        "reg_5e": 0,
                        "reg_5f": 0,
                        "reg_60": 4294967295,
                        "reg_61": 4294967295,
                        "reg_62": 4294967295,
                        "reg_63": 4294967295,
                        "reg_64": 4294967295,
                        "reg_65": 4294967295,
                        "reg_66": 4294967295,
                        "reg_67": 4294967295,
                        "reg_68": 0,
                        "reg_69": 0,
                        "reg_6a": 0,
                        "reg_6b": 0,
                        "reg_6c": 0,
                        "reg_6d": 0,
                        "reg_6e": 0,
                        "reg_6f": 0
                    },
                    {
                        "address": 4,
                        "reg_01": 13645293,
                        "reg_02": 25168694,
                        "reg_03": 162742428,
                        "reg_10": 0,
                        "reg_11": 0,
                        "reg_12": 0,
                        "reg_13": 0,
                        "reg_14": 0,
                        "reg_15": 0,
                        "reg_16": 0,
                        "reg_17": 0,
                        "reg_20": 26214456,
                        "reg_21": 1124073984,
                        "reg_40": 0,
                        "reg_41": 0,
                        "reg_42": 0,
                        "reg_43": 0,
                        "reg_44": 0,
                        "reg_45": 0,
                        "reg_46": 0,
                        "reg_47": 0,
                        "reg_48": 0,
                        "reg_49": 0,
                        "reg_4a": 0,
                        "reg_4b": 0,
                        "reg_4c": 0,
                        "reg_4d": 0,
                        "reg_4e": 0,
                        "reg_4f": 0,
                        "reg_50": 0,
                        "reg_51": 0,
                        "reg_52": 0,
                        "reg_53": 0,
                        "reg_54": 0,
                        "reg_55": 0,
                        "reg_56": 0,
                        "reg_57": 0,
                        "reg_58": 0,
                        "reg_59": 0,
                        "reg_5a": 0,
                        "reg_5b": 0,
                        "reg_5c": 0,
                        "reg_5d": 0,
                        "reg_5e": 0,
                        "reg_5f": 0,
                        "reg_60": 4294967295,
                        "reg_61": 4294967295,
                        "reg_62": 4294967295,
                        "reg_63": 4294967295,
                        "reg_64": 4294967295,
                        "reg_65": 4294967295,
                        "reg_66": 4294967295,
                        "reg_67": 4294967295,
                        "reg_68": 0,
                        "reg_69": 0,
                        "reg_6a": 0,
                        "reg_6b": 0,
                        "reg_6c": 0,
                        "reg_6d": 0,
                        "reg_6e": 0,
                        "reg_6f": 0
                    },
                    {
                        "address": 5,
                        "reg_01": 13644269,
                        "reg_02": 25168438,
                        "reg_03": 160645276,
                        "reg_10": 0,
                        "reg_11": 0,
                        "reg_12": 0,
                        "reg_13": 0,
                        "reg_14": 0,
                        "reg_15": 0,
                        "reg_16": 0,
                        "reg_17": 0,
                        "reg_20": 26214456,
                        "reg_21": 1124073984,
                        "reg_40": 0,
                        "reg_41": 0,
                        "reg_42": 0,
                        "reg_43": 0,
                        "reg_44": 0,
                        "reg_45": 0,
                        "reg_46": 0,
                        "reg_47": 0,
                        "reg_48": 0,
                        "reg_49": 0,
                        "reg_4a": 0,
                        "reg_4b": 0,
                        "reg_4c": 0,
                        "reg_4d": 0,
                        "reg_4e": 0,
                        "reg_4f": 0,
                        "reg_50": 0,
                        "reg_51": 0,
                        "reg_52": 0,
                        "reg_53": 0,
                        "reg_54": 0,
                        "reg_55": 0,
                        "reg_56": 0,
                        "reg_57": 0,
                        "reg_58": 0,
                        "reg_59": 0,
                        "reg_5a": 0,
                        "reg_5b": 0,
                        "reg_5c": 0,
                        "reg_5d": 0,
                        "reg_5e": 0,
                        "reg_5f": 0,
                        "reg_60": 4294967295,
                        "reg_61": 4294967295,
                        "reg_62": 4294967295,
                        "reg_63": 4294967295,
                        "reg_64": 4294967295,
                        "reg_65": 4294967295,
                        "reg_66": 4294967295,
                        "reg_67": 4294967295,
                        "reg_68": 0,
                        "reg_69": 0,
                        "reg_6a": 0,
                        "reg_6b": 0,
                        "reg_6c": 0,
                        "reg_6d": 0,
                        "reg_6e": 0,
                        "reg_6f": 0
                    },
                    {
                        "address": 6,
                        "reg_01": 13645292,
                        "reg_02": 25168694,
                        "reg_03": 160628892,
                        "reg_10": 0,
                        "reg_11": 0,
                        "reg_12": 0,
                        "reg_13": 0,
                        "reg_14": 0,
                        "reg_15": 0,
                        "reg_16": 0,
                        "reg_17": 0,
                        "reg_20": 26214456,
                        "reg_21": 1124073984,
                        "reg_40": 0,
                        "reg_41": 0,
                        "reg_42": 0,
                        "reg_43": 0,
                        "reg_44": 0,
                        "reg_45": 0,
                        "reg_46": 0,
                        "reg_47": 0,
                        "reg_48": 0,
                        "reg_49": 0,
                        "reg_4a": 0,
                        "reg_4b": 0,
                        "reg_4c": 0,
                        "reg_4d": 0,
                        "reg_4e": 0,
                        "reg_4f": 0,
                        "reg_50": 0,
                        "reg_51": 0,
                        "reg_52": 0,
                        "reg_53": 0,
                        "reg_54": 0,
                        "reg_55": 0,
                        "reg_56": 0,
                        "reg_57": 0,
                        "reg_58": 0,
                        "reg_59": 0,
                        "reg_5a": 0,
                        "reg_5b": 0,
                        "reg_5c": 0,
                        "reg_5d": 0,
                        "reg_5e": 0,
                        "reg_5f": 0,
                        "reg_60": 4294967295,
                        "reg_61": 4294967295,
                        "reg_62": 4294967295,
                        "reg_63": 4294967295,
                        "reg_64": 4294967295,
                        "reg_65": 4294967295,
                        "reg_66": 4294967295,
                        "reg_67": 4294967295,
                        "reg_68": 0,
                        "reg_69": 0,
                        "reg_6a": 0,
                        "reg_6b": 0,
                        "reg_6c": 0,
                        "reg_6d": 0,
                        "reg_6e": 0,
                        "reg_6f": 0
                    },
                    {
                        "address": 7,
                        "reg_01": 13644236,
                        "reg_02": 25168694,
                        "reg_03": 160596124,
                        "reg_10": 0,
                        "reg_11": 0,
                        "reg_12": 0,
                        "reg_13": 0,
                        "reg_14": 0,
                        "reg_15": 0,
                        "reg_16": 0,
                        "reg_17": 0,
                        "reg_20": 26214456,
                        "reg_21": 1124073984,
                        "reg_40": 0,
                        "reg_41": 0,
                        "reg_42": 0,
                        "reg_43": 0,
                        "reg_44": 0,
                        "reg_45": 0,
                        "reg_46": 0,
                        "reg_47": 0,
                        "reg_48": 0,
                        "reg_49": 0,
                        "reg_4a": 0,
                        "reg_4b": 0,
                        "reg_4c": 0,
                        "reg_4d": 0,
                        "reg_4e": 0,
                        "reg_4f": 0,
                        "reg_50": 0,
                        "reg_51": 0,
                        "reg_52": 0,
                        "reg_53": 0,
                        "reg_54": 0,
                        "reg_55": 0,
                        "reg_56": 0,
                        "reg_57": 0,
                        "reg_58": 0,
                        "reg_59": 0,
                        "reg_5a": 0,
                        "reg_5b": 0,
                        "reg_5c": 0,
                        "reg_5d": 0,
                        "reg_5e": 0,
                        "reg_5f": 0,
                        "reg_60": 4294967295,
                        "reg_61": 4294967295,
                        "reg_62": 4294967295,
                        "reg_63": 4294967295,
                        "reg_64": 4294967295,
                        "reg_65": 4294967295,
                        "reg_66": 4294967295,
                        "reg_67": 4294967295,
                        "reg_68": 0,
                        "reg_69": 0,
                        "reg_6a": 0,
                        "reg_6b": 0,
                        "reg_6c": 0,
                        "reg_6d": 0,
                        "reg_6e": 0,
                        "reg_6f": 0
                    },
                    {
                        "address": 8,
                        "reg_01": 13645293,
                        "reg_02": 25168694,
                        "reg_03": 160661660,
                        "reg_10": 0,
                        "reg_11": 0,
                        "reg_12": 0,
                        "reg_13": 0,
                        "reg_14": 0,
                        "reg_15": 0,
                        "reg_16": 0,
                        "reg_17": 0,
                        "reg_20": 26214456,
                        "reg_21": 1124073984,
                        "reg_40": 0,
                        "reg_41": 0,
                        "reg_42": 0,
                        "reg_43": 0,
                        "reg_44": 0,
                        "reg_45": 0,
                        "reg_46": 0,
                        "reg_47": 0,
                        "reg_48": 0,
                        "reg_49": 0,
                        "reg_4a": 0,
                        "reg_4b": 0,
                        "reg_4c": 0,
                        "reg_4d": 0,
                        "reg_4e": 0,
                        "reg_4f": 0,
                        "reg_50": 0,
                        "reg_51": 0,
                        "reg_52": 0,
                        "reg_53": 0,
                        "reg_54": 0,
                        "reg_55": 0,
                        "reg_56": 0,
                        "reg_57": 0,
                        "reg_58": 0,
                        "reg_59": 0,
                        "reg_5a": 0,
                        "reg_5b": 0,
                        "reg_5c": 0,
                        "reg_5d": 0,
                        "reg_5e": 0,
                        "reg_5f": 0,
                        "reg_60": 4294967295,
                        "reg_61": 4294967295,
                        "reg_62": 4294967295,
                        "reg_63": 4294967295,
                        "reg_64": 4294967295,
                        "reg_65": 4294967295,
                        "reg_66": 4294967295,
                        "reg_67": 4294967295,
                        "reg_68": 0,
                        "reg_69": 0,
                        "reg_6a": 0,
                        "reg_6b": 0,
                        "reg_6c": 0,
                        "reg_6d": 0,
                        "reg_6e": 0,
                        "reg_6f": 0
                    },
                    {
                        "address": 9,
                        "reg_01": 13645293,
                        "reg_02": 25168694,
                        "reg_03": 160628892,
                        "reg_10": 0,
                        "reg_11": 0,
                        "reg_12": 0,
                        "reg_13": 0,
                        "reg_14": 0,
                        "reg_15": 0,
                        "reg_16": 0,
                        "reg_17": 0,
                        "reg_20": 26214456,
                        "reg_21": 1124073984,
                        "reg_40": 0,
                        "reg_41": 0,
                        "reg_42": 0,
                        "reg_43": 0,
                        "reg_44": 0,
                        "reg_45": 0,
                        "reg_46": 0,
                        "reg_47": 0,
                        "reg_48": 0,
                        "reg_49": 0,
                        "reg_4a": 0,
                        "reg_4b": 0,
                        "reg_4c": 0,
                        "reg_4d": 0,
                        "reg_4e": 0,
                        "reg_4f": 0,
                        "reg_50": 0,
                        "reg_51": 0,
                        "reg_52": 0,
                        "reg_53": 0,
                        "reg_54": 0,
                        "reg_55": 0,
                        "reg_56": 0,
                        "reg_57": 0,
                        "reg_58": 0,
                        "reg_59": 0,
                        "reg_5a": 0,
                        "reg_5b": 0,
                        "reg_5c": 0,
                        "reg_5d": 0,
                        "reg_5e": 0,
                        "reg_5f": 0,
                        "reg_60": 4294967295,
                        "reg_61": 4294967295,
                        "reg_62": 4294967295,
                        "reg_63": 4294967295,
                        "reg_64": 4294967295,
                        "reg_65": 4294967295,
                        "reg_66": 4294967295,
                        "reg_67": 4294967295,
                        "reg_68": 0,
                        "reg_69": 0,
                        "reg_6a": 0,
                        "reg_6b": 0,
                        "reg_6c": 0,
                        "reg_6d": 0,
                        "reg_6e": 0,
                        "reg_6f": 0
                    }
                ],
                "chipset": "ABCStarv1 + HCCStarv1",
                "hcc": {
                    "address": 2,
                    "regs": [
                        37748736,
                        572662306,
                        546,
                        16726789,
                        0,
                        4,
                        268435455,
                        20,
                        2046,
                        196624,
                        196624,
                        0,
                        398,
                        7405571,
                        7405571,
                        0,
                        4220416
                    ]
                },
                "stream": "18"
            },
            {
                "ccr": "0",
                "chips": [
                    {
                        "address": 0,
                        "reg_01": 13645293,
                        "reg_02": 25168950,
                        "reg_03": 158515356,
                        "reg_10": 0,
                        "reg_11": 0,
                        "reg_12": 0,
                        "reg_13": 0,
                        "reg_14": 0,
                        "reg_15": 0,
                        "reg_16": 0,
                        "reg_17": 0,
                        "reg_20": 26214456,
                        "reg_21": 1124073984,
                        "reg_40": 0,
                        "reg_41": 0,
                        "reg_42": 0,
                        "reg_43": 0,
                        "reg_44": 0,
                        "reg_45": 0,
                        "reg_46": 0,
                        "reg_47": 0,
                        "reg_48": 0,
                        "reg_49": 0,
                        "reg_4a": 0,
                        "reg_4b": 0,
                        "reg_4c": 0,
                        "reg_4d": 0,
                        "reg_4e": 0,
                        "reg_4f": 0,
                        "reg_50": 0,
                        "reg_51": 0,
                        "reg_52": 0,
                        "reg_53": 0,
                        "reg_54": 0,
                        "reg_55": 0,
                        "reg_56": 0,
                        "reg_57": 0,
                        "reg_58": 0,
                        "reg_59": 0,
                        "reg_5a": 0,
                        "reg_5b": 0,
                        "reg_5c": 0,
                        "reg_5d": 0,
                        "reg_5e": 0,
                        "reg_5f": 0,
                        "reg_60": 4294967295,
                        "reg_61": 4294967295,
                        "reg_62": 4294967295,
                        "reg_63": 4294967295,
                        "reg_64": 4294967295,
                        "reg_65": 4294967295,
                        "reg_66": 4294967295,
                        "reg_67": 4294967295,
                        "reg_68": 0,
                        "reg_69": 0,
                        "reg_6a": 0,
                        "reg_6b": 0,
                        "reg_6c": 0,
                        "reg_6d": 0,
                        "reg_6e": 0,
                        "reg_6f": 0
                    },
                    {
                        "address": 1,
                        "reg_01": 13645292,
                        "reg_02": 25168950,
                        "reg_03": 158515356,
                        "reg_10": 0,
                        "reg_11": 0,
                        "reg_12": 0,
                        "reg_13": 0,
                        "reg_14": 0,
                        "reg_15": 0,
                        "reg_16": 0,
                        "reg_17": 0,
                        "reg_20": 26214456,
                        "reg_21": 1124073984,
                        "reg_40": 0,
                        "reg_41": 0,
                        "reg_42": 0,
                        "reg_43": 0,
                        "reg_44": 0,
                        "reg_45": 0,
                        "reg_46": 0,
                        "reg_47": 0,
                        "reg_48": 0,
                        "reg_49": 0,
                        "reg_4a": 0,
                        "reg_4b": 0,
                        "reg_4c": 0,
                        "reg_4d": 0,
                        "reg_4e": 0,
                        "reg_4f": 0,
                        "reg_50": 0,
                        "reg_51": 0,
                        "reg_52": 0,
                        "reg_53": 0,
                        "reg_54": 0,
                        "reg_55": 0,
                        "reg_56": 0,
                        "reg_57": 0,
                        "reg_58": 0,
                        "reg_59": 0,
                        "reg_5a": 0,
                        "reg_5b": 0,
                        "reg_5c": 0,
                        "reg_5d": 0,
                        "reg_5e": 0,
                        "reg_5f": 0,
                        "reg_60": 4294967295,
                        "reg_61": 4294967295,
                        "reg_62": 4294967295,
                        "reg_63": 4294967295,
                        "reg_64": 4294967295,
                        "reg_65": 4294967295,
                        "reg_66": 4294967295,
                        "reg_67": 4294967295,
                        "reg_68": 0,
                        "reg_69": 0,
                        "reg_6a": 0,
                        "reg_6b": 0,
                        "reg_6c": 0,
                        "reg_6d": 0,
                        "reg_6e": 0,
                        "reg_6f": 0
                    },
                    {
                        "address": 2,
                        "reg_01": 13644268,
                        "reg_02": 25168694,
                        "reg_03": 158498972,
                        "reg_10": 0,
                        "reg_11": 0,
                        "reg_12": 0,
                        "reg_13": 0,
                        "reg_14": 0,
                        "reg_15": 0,
                        "reg_16": 0,
                        "reg_17": 0,
                        "reg_20": 26214456,
                        "reg_21": 1124073984,
                        "reg_40": 0,
                        "reg_41": 0,
                        "reg_42": 0,
                        "reg_43": 0,
                        "reg_44": 0,
                        "reg_45": 0,
                        "reg_46": 0,
                        "reg_47": 0,
                        "reg_48": 0,
                        "reg_49": 0,
                        "reg_4a": 0,
                        "reg_4b": 0,
                        "reg_4c": 0,
                        "reg_4d": 0,
                        "reg_4e": 0,
                        "reg_4f": 0,
                        "reg_50": 0,
                        "reg_51": 0,
                        "reg_52": 0,
                        "reg_53": 0,
                        "reg_54": 0,
                        "reg_55": 0,
                        "reg_56": 0,
                        "reg_57": 0,
                        "reg_58": 0,
                        "reg_59": 0,
                        "reg_5a": 0,
                        "reg_5b": 0,
                        "reg_5c": 0,
                        "reg_5d": 0,
                        "reg_5e": 0,
                        "reg_5f": 0,
                        "reg_60": 4294967295,
                        "reg_61": 4294967295,
                        "reg_62": 4294967295,
                        "reg_63": 4294967295,
                        "reg_64": 4294967295,
                        "reg_65": 4294967295,
                        "reg_66": 4294967295,
                        "reg_67": 4294967295,
                        "reg_68": 0,
                        "reg_69": 0,
                        "reg_6a": 0,
                        "reg_6b": 0,
                        "reg_6c": 0,
                        "reg_6d": 0,
                        "reg_6e": 0,
                        "reg_6f": 0
                    },
                    {
                        "address": 3,
                        "reg_01": 13645293,
                        "reg_02": 25168694,
                        "reg_03": 158515356,
                        "reg_10": 0,
                        "reg_11": 0,
                        "reg_12": 0,
                        "reg_13": 0,
                        "reg_14": 0,
                        "reg_15": 0,
                        "reg_16": 0,
                        "reg_17": 0,
                        "reg_20": 26214456,
                        "reg_21": 1124073984,
                        "reg_40": 0,
                        "reg_41": 0,
                        "reg_42": 0,
                        "reg_43": 0,
                        "reg_44": 0,
                        "reg_45": 0,
                        "reg_46": 0,
                        "reg_47": 0,
                        "reg_48": 0,
                        "reg_49": 0,
                        "reg_4a": 0,
                        "reg_4b": 0,
                        "reg_4c": 0,
                        "reg_4d": 0,
                        "reg_4e": 0,
                        "reg_4f": 0,
                        "reg_50": 0,
                        "reg_51": 0,
                        "reg_52": 0,
                        "reg_53": 0,
                        "reg_54": 0,
                        "reg_55": 0,
                        "reg_56": 0,
                        "reg_57": 0,
                        "reg_58": 0,
                        "reg_59": 0,
                        "reg_5a": 0,
                        "reg_5b": 0,
                        "reg_5c": 0,
                        "reg_5d": 0,
                        "reg_5e": 0,
                        "reg_5f": 0,
                        "reg_60": 4294967295,
                        "reg_61": 4294967295,
                        "reg_62": 4294967295,
                        "reg_63": 4294967295,
                        "reg_64": 4294967295,
                        "reg_65": 4294967295,
                        "reg_66": 4294967295,
                        "reg_67": 4294967295,
                        "reg_68": 0,
                        "reg_69": 0,
                        "reg_6a": 0,
                        "reg_6b": 0,
                        "reg_6c": 0,
                        "reg_6d": 0,
                        "reg_6e": 0,
                        "reg_6f": 0
                    },
                    {
                        "address": 4,
                        "reg_01": 13644268,
                        "reg_02": 25168950,
                        "reg_03": 156401820,
                        "reg_10": 0,
                        "reg_11": 0,
                        "reg_12": 0,
                        "reg_13": 0,
                        "reg_14": 0,
                        "reg_15": 0,
                        "reg_16": 0,
                        "reg_17": 0,
                        "reg_20": 26214456,
                        "reg_21": 1124073984,
                        "reg_40": 0,
                        "reg_41": 0,
                        "reg_42": 0,
                        "reg_43": 0,
                        "reg_44": 0,
                        "reg_45": 0,
                        "reg_46": 0,
                        "reg_47": 0,
                        "reg_48": 0,
                        "reg_49": 0,
                        "reg_4a": 0,
                        "reg_4b": 0,
                        "reg_4c": 0,
                        "reg_4d": 0,
                        "reg_4e": 0,
                        "reg_4f": 0,
                        "reg_50": 0,
                        "reg_51": 0,
                        "reg_52": 0,
                        "reg_53": 0,
                        "reg_54": 0,
                        "reg_55": 0,
                        "reg_56": 0,
                        "reg_57": 0,
                        "reg_58": 0,
                        "reg_59": 0,
                        "reg_5a": 0,
                        "reg_5b": 0,
                        "reg_5c": 0,
                        "reg_5d": 0,
                        "reg_5e": 0,
                        "reg_5f": 0,
                        "reg_60": 4294967295,
                        "reg_61": 4294967295,
                        "reg_62": 4294967295,
                        "reg_63": 4294967295,
                        "reg_64": 4294967295,
                        "reg_65": 4294967295,
                        "reg_66": 4294967295,
                        "reg_67": 4294967295,
                        "reg_68": 0,
                        "reg_69": 0,
                        "reg_6a": 0,
                        "reg_6b": 0,
                        "reg_6c": 0,
                        "reg_6d": 0,
                        "reg_6e": 0,
                        "reg_6f": 0
                    },
                    {
                        "address": 5,
                        "reg_01": 13645293,
                        "reg_02": 25168950,
                        "reg_03": 158498972,
                        "reg_10": 0,
                        "reg_11": 0,
                        "reg_12": 0,
                        "reg_13": 0,
                        "reg_14": 0,
                        "reg_15": 0,
                        "reg_16": 0,
                        "reg_17": 0,
                        "reg_20": 26214456,
                        "reg_21": 1124073984,
                        "reg_40": 0,
                        "reg_41": 0,
                        "reg_42": 0,
                        "reg_43": 0,
                        "reg_44": 0,
                        "reg_45": 0,
                        "reg_46": 0,
                        "reg_47": 0,
                        "reg_48": 0,
                        "reg_49": 0,
                        "reg_4a": 0,
                        "reg_4b": 0,
                        "reg_4c": 0,
                        "reg_4d": 0,
                        "reg_4e": 0,
                        "reg_4f": 0,
                        "reg_50": 0,
                        "reg_51": 0,
                        "reg_52": 0,
                        "reg_53": 0,
                        "reg_54": 0,
                        "reg_55": 0,
                        "reg_56": 0,
                        "reg_57": 0,
                        "reg_58": 0,
                        "reg_59": 0,
                        "reg_5a": 0,
                        "reg_5b": 0,
                        "reg_5c": 0,
                        "reg_5d": 0,
                        "reg_5e": 0,
                        "reg_5f": 0,
                        "reg_60": 4294967295,
                        "reg_61": 4294967295,
                        "reg_62": 4294967295,
                        "reg_63": 4294967295,
                        "reg_64": 4294967295,
                        "reg_65": 4294967295,
                        "reg_66": 4294967295,
                        "reg_67": 4294967295,
                        "reg_68": 0,
                        "reg_69": 0,
                        "reg_6a": 0,
                        "reg_6b": 0,
                        "reg_6c": 0,
                        "reg_6d": 0,
                        "reg_6e": 0,
                        "reg_6f": 0
                    },
                    {
                        "address": 6,
                        "reg_01": 13645293,
                        "reg_02": 25168694,
                        "reg_03": 158515356,
                        "reg_10": 0,
                        "reg_11": 0,
                        "reg_12": 0,
                        "reg_13": 0,
                        "reg_14": 0,
                        "reg_15": 0,
                        "reg_16": 0,
                        "reg_17": 0,
                        "reg_20": 26214456,
                        "reg_21": 1124073984,
                        "reg_40": 0,
                        "reg_41": 0,
                        "reg_42": 0,
                        "reg_43": 0,
                        "reg_44": 0,
                        "reg_45": 0,
                        "reg_46": 0,
                        "reg_47": 0,
                        "reg_48": 0,
                        "reg_49": 0,
                        "reg_4a": 0,
                        "reg_4b": 0,
                        "reg_4c": 0,
                        "reg_4d": 0,
                        "reg_4e": 0,
                        "reg_4f": 0,
                        "reg_50": 0,
                        "reg_51": 0,
                        "reg_52": 0,
                        "reg_53": 0,
                        "reg_54": 0,
                        "reg_55": 0,
                        "reg_56": 0,
                        "reg_57": 0,
                        "reg_58": 0,
                        "reg_59": 0,
                        "reg_5a": 0,
                        "reg_5b": 0,
                        "reg_5c": 0,
                        "reg_5d": 0,
                        "reg_5e": 0,
                        "reg_5f": 0,
                        "reg_60": 4294967295,
                        "reg_61": 4294967295,
                        "reg_62": 4294967295,
                        "reg_63": 4294967295,
                        "reg_64": 4294967295,
                        "reg_65": 4294967295,
                        "reg_66": 4294967295,
                        "reg_67": 4294967295,
                        "reg_68": 0,
                        "reg_69": 0,
                        "reg_6a": 0,
                        "reg_6b": 0,
                        "reg_6c": 0,
                        "reg_6d": 0,
                        "reg_6e": 0,
                        "reg_6f": 0
                    },
                    {
                        "address": 7,
                        "reg_01": 13645293,
                        "reg_02": 25168950,
                        "reg_03": 158498972,
                        "reg_10": 0,
                        "reg_11": 0,
                        "reg_12": 0,
                        "reg_13": 0,
                        "reg_14": 0,
                        "reg_15": 0,
                        "reg_16": 0,
                        "reg_17": 0,
                        "reg_20": 26214456,
                        "reg_21": 1124073984,
                        "reg_40": 0,
                        "reg_41": 0,
                        "reg_42": 0,
                        "reg_43": 0,
                        "reg_44": 0,
                        "reg_45": 0,
                        "reg_46": 0,
                        "reg_47": 0,
                        "reg_48": 0,
                        "reg_49": 0,
                        "reg_4a": 0,
                        "reg_4b": 0,
                        "reg_4c": 0,
                        "reg_4d": 0,
                        "reg_4e": 0,
                        "reg_4f": 0,
                        "reg_50": 0,
                        "reg_51": 0,
                        "reg_52": 0,
                        "reg_53": 0,
                        "reg_54": 0,
                        "reg_55": 0,
                        "reg_56": 0,
                        "reg_57": 0,
                        "reg_58": 0,
                        "reg_59": 0,
                        "reg_5a": 0,
                        "reg_5b": 0,
                        "reg_5c": 0,
                        "reg_5d": 0,
                        "reg_5e": 0,
                        "reg_5f": 0,
                        "reg_60": 4294967295,
                        "reg_61": 4294967295,
                        "reg_62": 4294967295,
                        "reg_63": 4294967295,
                        "reg_64": 4294967295,
                        "reg_65": 4294967295,
                        "reg_66": 4294967295,
                        "reg_67": 4294967295,
                        "reg_68": 0,
                        "reg_69": 0,
                        "reg_6a": 0,
                        "reg_6b": 0,
                        "reg_6c": 0,
                        "reg_6d": 0,
                        "reg_6e": 0,
                        "reg_6f": 0
                    },
                    {
                        "address": 8,
                        "reg_01": 13644236,
                        "reg_02": 25168694,
                        "reg_03": 156418204,
                        "reg_10": 0,
                        "reg_11": 0,
                        "reg_12": 0,
                        "reg_13": 0,
                        "reg_14": 0,
                        "reg_15": 0,
                        "reg_16": 0,
                        "reg_17": 0,
                        "reg_20": 26214456,
                        "reg_21": 1124073984,
                        "reg_40": 0,
                        "reg_41": 0,
                        "reg_42": 0,
                        "reg_43": 0,
                        "reg_44": 0,
                        "reg_45": 0,
                        "reg_46": 0,
                        "reg_47": 0,
                        "reg_48": 0,
                        "reg_49": 0,
                        "reg_4a": 0,
                        "reg_4b": 0,
                        "reg_4c": 0,
                        "reg_4d": 0,
                        "reg_4e": 0,
                        "reg_4f": 0,
                        "reg_50": 0,
                        "reg_51": 0,
                        "reg_52": 0,
                        "reg_53": 0,
                        "reg_54": 0,
                        "reg_55": 0,
                        "reg_56": 0,
                        "reg_57": 0,
                        "reg_58": 0,
                        "reg_59": 0,
                        "reg_5a": 0,
                        "reg_5b": 0,
                        "reg_5c": 0,
                        "reg_5d": 0,
                        "reg_5e": 0,
                        "reg_5f": 0,
                        "reg_60": 4294967295,
                        "reg_61": 4294967295,
                        "reg_62": 4294967295,
                        "reg_63": 4294967295,
                        "reg_64": 4294967295,
                        "reg_65": 4294967295,
                        "reg_66": 4294967295,
                        "reg_67": 4294967295,
                        "reg_68": 0,
                        "reg_69": 0,
                        "reg_6a": 0,
                        "reg_6b": 0,
                        "reg_6c": 0,
                        "reg_6d": 0,
                        "reg_6e": 0,
                        "reg_6f": 0
                    },
                    {
                        "address": 9,
                        "reg_01": 13644268,
                        "reg_02": 25168694,
                        "reg_03": 158498972,
                        "reg_10": 0,
                        "reg_11": 0,
                        "reg_12": 0,
                        "reg_13": 0,
                        "reg_14": 0,
                        "reg_15": 0,
                        "reg_16": 0,
                        "reg_17": 0,
                        "reg_20": 26214456,
                        "reg_21": 1124073984,
                        "reg_40": 0,
                        "reg_41": 0,
                        "reg_42": 0,
                        "reg_43": 0,
                        "reg_44": 0,
                        "reg_45": 0,
                        "reg_46": 0,
                        "reg_47": 0,
                        "reg_48": 0,
                        "reg_49": 0,
                        "reg_4a": 0,
                        "reg_4b": 0,
                        "reg_4c": 0,
                        "reg_4d": 0,
                        "reg_4e": 0,
                        "reg_4f": 0,
                        "reg_50": 0,
                        "reg_51": 0,
                        "reg_52": 0,
                        "reg_53": 0,
                        "reg_54": 0,
                        "reg_55": 0,
                        "reg_56": 0,
                        "reg_57": 0,
                        "reg_58": 0,
                        "reg_59": 0,
                        "reg_5a": 0,
                        "reg_5b": 0,
                        "reg_5c": 0,
                        "reg_5d": 0,
                        "reg_5e": 0,
                        "reg_5f": 0,
                        "reg_60": 4294967295,
                        "reg_61": 4294967295,
                        "reg_62": 4294967295,
                        "reg_63": 4294967295,
                        "reg_64": 4294967295,
                        "reg_65": 4294967295,
                        "reg_66": 4294967295,
                        "reg_67": 4294967295,
                        "reg_68": 0,
                        "reg_69": 0,
                        "reg_6a": 0,
                        "reg_6b": 0,
                        "reg_6c": 0,
                        "reg_6d": 0,
                        "reg_6e": 0,
                        "reg_6f": 0
                    }
                ],
                "chipset": "ABCStarv1 + HCCStarv1",
                "hcc": {
                    "address": 3,
                    "regs": [
                        37748736,
                        572662306,
                        546,
                        16726789,
                        0,
                        4,
                        268435455,
                        20,
                        2046,
                        196624,
                        196624,
                        0,
                        398,
                        7405571,
                        7405571,
                        0,
                        4220416
                    ]
                },
                "stream": "16"
            }
        ]
    },
    "scan_info": {
        "BC ID reset frequency": 0,
        "COM_DELAY": 200,
        "Config frequency": 0,
        "L1A per loop": 1,
        "PULSE_DELAY": 129,
        "Soft reset frequency": 1000,
        "TRIG_DELAY": 128,
        "abc_busy_limit": 5,
        "abort_on_l0id_mismatch": 0,
        "burst max timeouts": 6,
        "burst maxtrigs": 1000000,
        "burst ntrigs": 50,
        "burst target": 10,
        "burst trtype": 3,
        "burst type": 100,
        "check_l0id_offset": 0,
        "continue_event_count_between_bursts": 0,
        "debug level": 0,
        "do action DCS": 1,
        "do autostop": 1,
        "do calibration loop": 1,
        "do fill evtree": 0,
        "do fits": 1,
        "do mask by cal": 0,
        "do mask test": 0,
        "do pre burst": 0,
        "do threaded burst": 1,
        "do vary ntrigs": 0,
        "do_check_l0id": 0,
        "do_read_post_scan_config": 1,
        "drop_extra_events": 0,
        "dump_raw_data": 0,
        "external_trigger_source": 255,
        "fill_delta_t": 1,
        "fill_timebin_hit_data": 0,
        "fill_tree_counter": 0,
        "hcc_star_select_decoder": 0,
        "one_bank": 0,
        "pack_hitmap_bits": 0,
        "pull_event_by_l0": 0,
        "rate_limit_delay": 0,
        "read_tdc_data": 0,
        "reset_on_l0id_mismatch": 0,
        "save_event_hit_data": 0,
        "save_raw_event_data": 0,
        "save_trigger_data": 0,
        "send signals": 0,
        "send_raw_event_data": 0,
        "send_signal_event_offset": 0,
        "signal_filler_events": 0,
        "throw away triggers": 0,
        "trigger_single_packet": 0,
        "ttc_busy_limit": 5,
        "wait_external_trigger_timeout": 5
    },
    "scan_points": {
        "scan_type": 1,
        "scan_type_string": "THRESHOLD (DAC)",
        "scan_values": [
            50.0,
            55.0,
            60.0,
            65.0,
            70.0,
            75.0,
            80.0,
            85.0,
            90.0,
            95.0,
            100.0,
            105.0,
            110.0,
            115.0,
            120.0,
            125.0,
            130.0,
            135.0,
            140.0,
            145.0,
            150.0,
            155.0,
            160.0,
            165.0,
            170.0,
            175.0,
            180.0,
            185.0,
            190.0,
            195.0,
            200.0,
            205.0,
            210.0,
            215.0,
            220.0,
            225.0,
            230.0,
            235.0,
            240.0,
            245.0,
            250.0,
            255.0
        ]
    },
    "schema_version": 2,
    "system_info": {
        "GIT Describe": "itsdaq_23_3_2023-762-gaaa93536d",
        "GIT URL": "https://gitlab.cern.ch/atlas-itk-strips-daq/itsdaq-sw.git/-/tree/aaa93536d1b4f8d0e258c9c1a60e2ce28885f70b",
        "GIT branch": "",
        "GIT commit date": "2023-10-06 15:07:35 +0000 (Fri, 06 Oct 2023)",
        "GIT info extracted": "2023-10-09 08:26:38 +0000 (Mon, 09 Oct 2023)",
        "GIT revision": "aaa93536d1b4f8d0e258c9c1a60e2ce28885f70b",
        "dedication": "New dedication as we're going for PPA",
        "firmware": "0xb640"
    },
    "trigger_sequence": [
        {
            "command": "cal_pulse"
        },
        {
            "delay": 128
        },
        {
            "command": "none"
        },
        {
            "delay": 0
        },
        {
            "loop": {
                "count": 1,
                "sequence": [
                    {
                        "command": "trigger"
                    },
                    {
                        "delay": 0
                    }
                ]
            }
        }
    ]
}
