{
    "configuration": {
        "module": [
            {
                "ccr": "0",
                "chips": [
                    {
                        "address": 0,
                        "reg_01": 15937996,
                        "reg_02": 25168694,
                        "reg_03": 162742380,
                        "reg_10": 0,
                        "reg_11": 0,
                        "reg_12": 0,
                        "reg_13": 0,
                        "reg_14": 0,
                        "reg_15": 0,
                        "reg_16": 0,
                        "reg_17": 0,
                        "reg_20": 26214456,
                        "reg_21": 1124073984,
                        "reg_40": 4294967295,
                        "reg_41": 4294967295,
                        "reg_42": 4294967295,
                        "reg_43": 4294967295,
                        "reg_44": 4294967295,
                        "reg_45": 4294967295,
                        "reg_46": 4294967295,
                        "reg_47": 4294967295,
                        "reg_48": 4294967295,
                        "reg_49": 4294967295,
                        "reg_4a": 4294967295,
                        "reg_4b": 4294967295,
                        "reg_4c": 4294967295,
                        "reg_4d": 4294967295,
                        "reg_4e": 4294967295,
                        "reg_4f": 4294967295,
                        "reg_50": 4294967295,
                        "reg_51": 4294967295,
                        "reg_52": 4294967295,
                        "reg_53": 4294967295,
                        "reg_54": 4294967295,
                        "reg_55": 4294967295,
                        "reg_56": 4294967295,
                        "reg_57": 4294967295,
                        "reg_58": 4294967295,
                        "reg_59": 4294967295,
                        "reg_5a": 4294967295,
                        "reg_5b": 4294967295,
                        "reg_5c": 4294967295,
                        "reg_5d": 4294967295,
                        "reg_5e": 4294967295,
                        "reg_5f": 4294967295,
                        "reg_60": 4294967295,
                        "reg_61": 4294967295,
                        "reg_62": 4294967295,
                        "reg_63": 4294967295,
                        "reg_64": 4294967295,
                        "reg_65": 4294967295,
                        "reg_66": 4294967295,
                        "reg_67": 4294967295,
                        "reg_68": 0,
                        "reg_69": 0,
                        "reg_6a": 0,
                        "reg_6b": 0,
                        "reg_6c": 0,
                        "reg_6d": 0,
                        "reg_6e": 0,
                        "reg_6f": 0
                    },
                    {
                        "address": 1,
                        "reg_01": 15937996,
                        "reg_02": 25168182,
                        "reg_03": 160628844,
                        "reg_10": 0,
                        "reg_11": 0,
                        "reg_12": 0,
                        "reg_13": 0,
                        "reg_14": 0,
                        "reg_15": 0,
                        "reg_16": 0,
                        "reg_17": 0,
                        "reg_20": 26214456,
                        "reg_21": 1124073984,
                        "reg_40": 4294967295,
                        "reg_41": 4294967295,
                        "reg_42": 4294967295,
                        "reg_43": 4294967295,
                        "reg_44": 4294967295,
                        "reg_45": 4294967295,
                        "reg_46": 4294967295,
                        "reg_47": 4294967295,
                        "reg_48": 4294967295,
                        "reg_49": 4294967295,
                        "reg_4a": 4294967295,
                        "reg_4b": 4294967295,
                        "reg_4c": 4294967295,
                        "reg_4d": 4294967295,
                        "reg_4e": 4294967295,
                        "reg_4f": 4294967295,
                        "reg_50": 4294967295,
                        "reg_51": 4294967295,
                        "reg_52": 4294967295,
                        "reg_53": 4294967295,
                        "reg_54": 4294967295,
                        "reg_55": 4294967295,
                        "reg_56": 4294967295,
                        "reg_57": 4294967295,
                        "reg_58": 4294967295,
                        "reg_59": 4294967295,
                        "reg_5a": 4294967295,
                        "reg_5b": 4294967295,
                        "reg_5c": 4294967295,
                        "reg_5d": 4294967295,
                        "reg_5e": 4294967295,
                        "reg_5f": 4294967295,
                        "reg_60": 4294967295,
                        "reg_61": 4294967295,
                        "reg_62": 4294967295,
                        "reg_63": 4294967295,
                        "reg_64": 4294967295,
                        "reg_65": 4294967295,
                        "reg_66": 4294967295,
                        "reg_67": 4294967295,
                        "reg_68": 0,
                        "reg_69": 0,
                        "reg_6a": 0,
                        "reg_6b": 0,
                        "reg_6c": 0,
                        "reg_6d": 0,
                        "reg_6e": 0,
                        "reg_6f": 0
                    },
                    {
                        "address": 2,
                        "reg_01": 15939053,
                        "reg_02": 25168950,
                        "reg_03": 162742380,
                        "reg_10": 0,
                        "reg_11": 0,
                        "reg_12": 0,
                        "reg_13": 0,
                        "reg_14": 0,
                        "reg_15": 0,
                        "reg_16": 0,
                        "reg_17": 0,
                        "reg_20": 26214456,
                        "reg_21": 1124073984,
                        "reg_40": 4294967295,
                        "reg_41": 4294967295,
                        "reg_42": 4294967295,
                        "reg_43": 4294967295,
                        "reg_44": 4294967295,
                        "reg_45": 4294967295,
                        "reg_46": 4294967295,
                        "reg_47": 4294967295,
                        "reg_48": 4294967295,
                        "reg_49": 4294967295,
                        "reg_4a": 4294967295,
                        "reg_4b": 4294967295,
                        "reg_4c": 4294967295,
                        "reg_4d": 4294967295,
                        "reg_4e": 4294967295,
                        "reg_4f": 4294967295,
                        "reg_50": 4294967295,
                        "reg_51": 4294967295,
                        "reg_52": 4294967295,
                        "reg_53": 4294967295,
                        "reg_54": 4294967295,
                        "reg_55": 4294967295,
                        "reg_56": 4294967295,
                        "reg_57": 4294967295,
                        "reg_58": 4294967295,
                        "reg_59": 4294967295,
                        "reg_5a": 4294967295,
                        "reg_5b": 4294967295,
                        "reg_5c": 4294967295,
                        "reg_5d": 4294967295,
                        "reg_5e": 4294967295,
                        "reg_5f": 4294967295,
                        "reg_60": 4294967295,
                        "reg_61": 4294967295,
                        "reg_62": 4294967295,
                        "reg_63": 4294967295,
                        "reg_64": 4294967295,
                        "reg_65": 4294967295,
                        "reg_66": 4294967295,
                        "reg_67": 4294967295,
                        "reg_68": 0,
                        "reg_69": 0,
                        "reg_6a": 0,
                        "reg_6b": 0,
                        "reg_6c": 0,
                        "reg_6d": 0,
                        "reg_6e": 0,
                        "reg_6f": 0
                    },
                    {
                        "address": 3,
                        "reg_01": 15937996,
                        "reg_02": 25168694,
                        "reg_03": 162742380,
                        "reg_10": 0,
                        "reg_11": 0,
                        "reg_12": 0,
                        "reg_13": 0,
                        "reg_14": 0,
                        "reg_15": 0,
                        "reg_16": 0,
                        "reg_17": 0,
                        "reg_20": 26214456,
                        "reg_21": 1124073984,
                        "reg_40": 4294967295,
                        "reg_41": 4294967295,
                        "reg_42": 4294967295,
                        "reg_43": 4294967295,
                        "reg_44": 4294967295,
                        "reg_45": 4294967295,
                        "reg_46": 4294967295,
                        "reg_47": 4294967295,
                        "reg_48": 4294967295,
                        "reg_49": 4294967295,
                        "reg_4a": 4294967295,
                        "reg_4b": 4294967295,
                        "reg_4c": 4294967295,
                        "reg_4d": 4294967295,
                        "reg_4e": 4294967295,
                        "reg_4f": 4294967295,
                        "reg_50": 4294967295,
                        "reg_51": 4294967295,
                        "reg_52": 4294967295,
                        "reg_53": 4294967295,
                        "reg_54": 4294967295,
                        "reg_55": 4294967295,
                        "reg_56": 4294967295,
                        "reg_57": 4294967295,
                        "reg_58": 4294967295,
                        "reg_59": 4294967295,
                        "reg_5a": 4294967295,
                        "reg_5b": 4294967295,
                        "reg_5c": 4294967295,
                        "reg_5d": 4294967295,
                        "reg_5e": 4294967295,
                        "reg_5f": 4294967295,
                        "reg_60": 4294967295,
                        "reg_61": 4294967295,
                        "reg_62": 4294967295,
                        "reg_63": 4294967295,
                        "reg_64": 4294967295,
                        "reg_65": 4294967295,
                        "reg_66": 4294967295,
                        "reg_67": 4294967295,
                        "reg_68": 0,
                        "reg_69": 0,
                        "reg_6a": 0,
                        "reg_6b": 0,
                        "reg_6c": 0,
                        "reg_6d": 0,
                        "reg_6e": 0,
                        "reg_6f": 0
                    },
                    {
                        "address": 4,
                        "reg_01": 15939053,
                        "reg_02": 25168694,
                        "reg_03": 162742380,
                        "reg_10": 0,
                        "reg_11": 0,
                        "reg_12": 0,
                        "reg_13": 0,
                        "reg_14": 0,
                        "reg_15": 0,
                        "reg_16": 0,
                        "reg_17": 0,
                        "reg_20": 26214456,
                        "reg_21": 1124073984,
                        "reg_40": 4294967295,
                        "reg_41": 4294967295,
                        "reg_42": 4294967295,
                        "reg_43": 4294967295,
                        "reg_44": 4294967295,
                        "reg_45": 4294967295,
                        "reg_46": 4294967295,
                        "reg_47": 4294967295,
                        "reg_48": 4294967295,
                        "reg_49": 4294967295,
                        "reg_4a": 4294967295,
                        "reg_4b": 4294967295,
                        "reg_4c": 4294967295,
                        "reg_4d": 4294967295,
                        "reg_4e": 4294967295,
                        "reg_4f": 4294967295,
                        "reg_50": 4294967295,
                        "reg_51": 4294967295,
                        "reg_52": 4294967295,
                        "reg_53": 4294967295,
                        "reg_54": 4294967295,
                        "reg_55": 4294967295,
                        "reg_56": 4294967295,
                        "reg_57": 4294967295,
                        "reg_58": 4294967295,
                        "reg_59": 4294967295,
                        "reg_5a": 4294967295,
                        "reg_5b": 4294967295,
                        "reg_5c": 4294967295,
                        "reg_5d": 4294967295,
                        "reg_5e": 4294967295,
                        "reg_5f": 4294967295,
                        "reg_60": 4294967295,
                        "reg_61": 4294967295,
                        "reg_62": 4294967295,
                        "reg_63": 4294967295,
                        "reg_64": 4294967295,
                        "reg_65": 4294967295,
                        "reg_66": 4294967295,
                        "reg_67": 4294967295,
                        "reg_68": 0,
                        "reg_69": 0,
                        "reg_6a": 0,
                        "reg_6b": 0,
                        "reg_6c": 0,
                        "reg_6d": 0,
                        "reg_6e": 0,
                        "reg_6f": 0
                    },
                    {
                        "address": 5,
                        "reg_01": 15938029,
                        "reg_02": 25168438,
                        "reg_03": 160645228,
                        "reg_10": 0,
                        "reg_11": 0,
                        "reg_12": 0,
                        "reg_13": 0,
                        "reg_14": 0,
                        "reg_15": 0,
                        "reg_16": 0,
                        "reg_17": 0,
                        "reg_20": 26214456,
                        "reg_21": 1124073984,
                        "reg_40": 4294967295,
                        "reg_41": 4294967295,
                        "reg_42": 4294967295,
                        "reg_43": 4294967295,
                        "reg_44": 4294967295,
                        "reg_45": 4294967295,
                        "reg_46": 4294967295,
                        "reg_47": 4294967295,
                        "reg_48": 4294967295,
                        "reg_49": 4294967295,
                        "reg_4a": 4294967295,
                        "reg_4b": 4294967295,
                        "reg_4c": 4294967295,
                        "reg_4d": 4294967295,
                        "reg_4e": 4294967295,
                        "reg_4f": 4294967295,
                        "reg_50": 4294967295,
                        "reg_51": 4294967295,
                        "reg_52": 4294967295,
                        "reg_53": 4294967295,
                        "reg_54": 4294967295,
                        "reg_55": 4294967295,
                        "reg_56": 4294967295,
                        "reg_57": 4294967295,
                        "reg_58": 4294967295,
                        "reg_59": 4294967295,
                        "reg_5a": 4294967295,
                        "reg_5b": 4294967295,
                        "reg_5c": 4294967295,
                        "reg_5d": 4294967295,
                        "reg_5e": 4294967295,
                        "reg_5f": 4294967295,
                        "reg_60": 4294967295,
                        "reg_61": 4294967295,
                        "reg_62": 4294967295,
                        "reg_63": 4294967295,
                        "reg_64": 4294967295,
                        "reg_65": 4294967295,
                        "reg_66": 4294967295,
                        "reg_67": 4294967295,
                        "reg_68": 0,
                        "reg_69": 0,
                        "reg_6a": 0,
                        "reg_6b": 0,
                        "reg_6c": 0,
                        "reg_6d": 0,
                        "reg_6e": 0,
                        "reg_6f": 0
                    },
                    {
                        "address": 6,
                        "reg_01": 15939052,
                        "reg_02": 25168694,
                        "reg_03": 160628844,
                        "reg_10": 0,
                        "reg_11": 0,
                        "reg_12": 0,
                        "reg_13": 0,
                        "reg_14": 0,
                        "reg_15": 0,
                        "reg_16": 0,
                        "reg_17": 0,
                        "reg_20": 26214456,
                        "reg_21": 1124073984,
                        "reg_40": 4294967295,
                        "reg_41": 4294967295,
                        "reg_42": 4294967295,
                        "reg_43": 4294967295,
                        "reg_44": 4294967295,
                        "reg_45": 4294967295,
                        "reg_46": 4294967295,
                        "reg_47": 4294967295,
                        "reg_48": 4294967295,
                        "reg_49": 4294967295,
                        "reg_4a": 4294967295,
                        "reg_4b": 4294967295,
                        "reg_4c": 4294967295,
                        "reg_4d": 4294967295,
                        "reg_4e": 4294967295,
                        "reg_4f": 4294967295,
                        "reg_50": 4294967295,
                        "reg_51": 4294967295,
                        "reg_52": 4294967295,
                        "reg_53": 4294967295,
                        "reg_54": 4294967295,
                        "reg_55": 4294967295,
                        "reg_56": 4294967295,
                        "reg_57": 4294967295,
                        "reg_58": 4294967295,
                        "reg_59": 4294967295,
                        "reg_5a": 4294967295,
                        "reg_5b": 4294967295,
                        "reg_5c": 4294967295,
                        "reg_5d": 4294967295,
                        "reg_5e": 4294967295,
                        "reg_5f": 4294967295,
                        "reg_60": 4294967295,
                        "reg_61": 4294967295,
                        "reg_62": 4294967295,
                        "reg_63": 4294967295,
                        "reg_64": 4294967295,
                        "reg_65": 4294967295,
                        "reg_66": 4294967295,
                        "reg_67": 4294967295,
                        "reg_68": 0,
                        "reg_69": 0,
                        "reg_6a": 0,
                        "reg_6b": 0,
                        "reg_6c": 0,
                        "reg_6d": 0,
                        "reg_6e": 0,
                        "reg_6f": 0
                    },
                    {
                        "address": 7,
                        "reg_01": 15937996,
                        "reg_02": 25168694,
                        "reg_03": 160596076,
                        "reg_10": 0,
                        "reg_11": 0,
                        "reg_12": 0,
                        "reg_13": 0,
                        "reg_14": 0,
                        "reg_15": 0,
                        "reg_16": 0,
                        "reg_17": 0,
                        "reg_20": 26214456,
                        "reg_21": 1124073984,
                        "reg_40": 4294967295,
                        "reg_41": 4294967295,
                        "reg_42": 4294967295,
                        "reg_43": 4294967295,
                        "reg_44": 4294967295,
                        "reg_45": 4294967295,
                        "reg_46": 4294967295,
                        "reg_47": 4294967295,
                        "reg_48": 4294967295,
                        "reg_49": 4294967295,
                        "reg_4a": 4294967295,
                        "reg_4b": 4294967295,
                        "reg_4c": 4294967295,
                        "reg_4d": 4294967295,
                        "reg_4e": 4294967295,
                        "reg_4f": 4294967295,
                        "reg_50": 4294967295,
                        "reg_51": 4294967295,
                        "reg_52": 4294967295,
                        "reg_53": 4294967295,
                        "reg_54": 4294967295,
                        "reg_55": 4294967295,
                        "reg_56": 4294967295,
                        "reg_57": 4294967295,
                        "reg_58": 4294967295,
                        "reg_59": 4294967295,
                        "reg_5a": 4294967295,
                        "reg_5b": 4294967295,
                        "reg_5c": 4294967295,
                        "reg_5d": 4294967295,
                        "reg_5e": 4294967295,
                        "reg_5f": 4294967295,
                        "reg_60": 4294967295,
                        "reg_61": 4294967295,
                        "reg_62": 4294967295,
                        "reg_63": 4294967295,
                        "reg_64": 4294967295,
                        "reg_65": 4294967295,
                        "reg_66": 4294967295,
                        "reg_67": 4294967295,
                        "reg_68": 0,
                        "reg_69": 0,
                        "reg_6a": 0,
                        "reg_6b": 0,
                        "reg_6c": 0,
                        "reg_6d": 0,
                        "reg_6e": 0,
                        "reg_6f": 0
                    },
                    {
                        "address": 8,
                        "reg_01": 15939053,
                        "reg_02": 25168694,
                        "reg_03": 160661612,
                        "reg_10": 0,
                        "reg_11": 0,
                        "reg_12": 0,
                        "reg_13": 0,
                        "reg_14": 0,
                        "reg_15": 0,
                        "reg_16": 0,
                        "reg_17": 0,
                        "reg_20": 26214456,
                        "reg_21": 1124073984,
                        "reg_40": 4294967295,
                        "reg_41": 4294967295,
                        "reg_42": 4294967295,
                        "reg_43": 4294967295,
                        "reg_44": 4294967295,
                        "reg_45": 4294967295,
                        "reg_46": 4294967295,
                        "reg_47": 4294967295,
                        "reg_48": 4294967295,
                        "reg_49": 4294967295,
                        "reg_4a": 4294967295,
                        "reg_4b": 4294967295,
                        "reg_4c": 4294967295,
                        "reg_4d": 4294967295,
                        "reg_4e": 4294967295,
                        "reg_4f": 4294967295,
                        "reg_50": 4294967295,
                        "reg_51": 4294967295,
                        "reg_52": 4294967295,
                        "reg_53": 4294967295,
                        "reg_54": 4294967295,
                        "reg_55": 4294967295,
                        "reg_56": 4294967295,
                        "reg_57": 4294967295,
                        "reg_58": 4294967295,
                        "reg_59": 4294967295,
                        "reg_5a": 4294967295,
                        "reg_5b": 4294967295,
                        "reg_5c": 4294967295,
                        "reg_5d": 4294967295,
                        "reg_5e": 4294967295,
                        "reg_5f": 4294967295,
                        "reg_60": 4294967295,
                        "reg_61": 4294967295,
                        "reg_62": 4294967295,
                        "reg_63": 4294967295,
                        "reg_64": 4294967295,
                        "reg_65": 4294967295,
                        "reg_66": 4294967295,
                        "reg_67": 4294967295,
                        "reg_68": 0,
                        "reg_69": 0,
                        "reg_6a": 0,
                        "reg_6b": 0,
                        "reg_6c": 0,
                        "reg_6d": 0,
                        "reg_6e": 0,
                        "reg_6f": 0
                    },
                    {
                        "address": 9,
                        "reg_01": 15939053,
                        "reg_02": 25168694,
                        "reg_03": 160628844,
                        "reg_10": 0,
                        "reg_11": 0,
                        "reg_12": 0,
                        "reg_13": 0,
                        "reg_14": 0,
                        "reg_15": 0,
                        "reg_16": 0,
                        "reg_17": 0,
                        "reg_20": 26214456,
                        "reg_21": 1124073984,
                        "reg_40": 4294967295,
                        "reg_41": 4294967295,
                        "reg_42": 4294967295,
                        "reg_43": 4294967295,
                        "reg_44": 4294967295,
                        "reg_45": 4294967295,
                        "reg_46": 4294967295,
                        "reg_47": 4294967295,
                        "reg_48": 4294967295,
                        "reg_49": 4294967295,
                        "reg_4a": 4294967295,
                        "reg_4b": 4294967295,
                        "reg_4c": 4294967295,
                        "reg_4d": 4294967295,
                        "reg_4e": 4294967295,
                        "reg_4f": 4294967295,
                        "reg_50": 4294967295,
                        "reg_51": 4294967295,
                        "reg_52": 4294967295,
                        "reg_53": 4294967295,
                        "reg_54": 4294967295,
                        "reg_55": 4294967295,
                        "reg_56": 4294967295,
                        "reg_57": 4294967295,
                        "reg_58": 4294967295,
                        "reg_59": 4294967295,
                        "reg_5a": 4294967295,
                        "reg_5b": 4294967295,
                        "reg_5c": 4294967295,
                        "reg_5d": 4294967295,
                        "reg_5e": 4294967295,
                        "reg_5f": 4294967295,
                        "reg_60": 4294967295,
                        "reg_61": 4294967295,
                        "reg_62": 4294967295,
                        "reg_63": 4294967295,
                        "reg_64": 4294967295,
                        "reg_65": 4294967295,
                        "reg_66": 4294967295,
                        "reg_67": 4294967295,
                        "reg_68": 0,
                        "reg_69": 0,
                        "reg_6a": 0,
                        "reg_6b": 0,
                        "reg_6c": 0,
                        "reg_6d": 0,
                        "reg_6e": 0,
                        "reg_6f": 0
                    }
                ],
                "chipset": "ABCStarv1 + HCCStarv1",
                "hcc": {
                    "address": 2,
                    "regs": [
                        37748736,
                        572662306,
                        546,
                        16726789,
                        0,
                        4,
                        268435455,
                        20,
                        2046,
                        196624,
                        196624,
                        0,
                        398,
                        7405571,
                        7405571,
                        0,
                        4285952
                    ]
                },
                "pos_to_addr": [
                    0,
                    1,
                    2,
                    3,
                    4,
                    5,
                    6,
                    7,
                    8,
                    9
                ],
                "pos_to_id": [
                    0,
                    1,
                    2,
                    3,
                    4,
                    5,
                    6,
                    7,
                    8,
                    9
                ],
                "stream": "18"
            },
            {
                "ccr": "0",
                "chips": [
                    {
                        "address": 0,
                        "reg_01": 15939053,
                        "reg_02": 25168950,
                        "reg_03": 158515308,
                        "reg_10": 0,
                        "reg_11": 0,
                        "reg_12": 0,
                        "reg_13": 0,
                        "reg_14": 0,
                        "reg_15": 0,
                        "reg_16": 0,
                        "reg_17": 0,
                        "reg_20": 26214456,
                        "reg_21": 1124073984,
                        "reg_40": 4294967295,
                        "reg_41": 4294967295,
                        "reg_42": 4294967295,
                        "reg_43": 4294967295,
                        "reg_44": 4294967295,
                        "reg_45": 4294967295,
                        "reg_46": 4294967295,
                        "reg_47": 4294967295,
                        "reg_48": 4294967295,
                        "reg_49": 4294967295,
                        "reg_4a": 4294967295,
                        "reg_4b": 4294967295,
                        "reg_4c": 4294967295,
                        "reg_4d": 4294967295,
                        "reg_4e": 4294967295,
                        "reg_4f": 4294967295,
                        "reg_50": 4294967295,
                        "reg_51": 4294967295,
                        "reg_52": 4294967295,
                        "reg_53": 4294967295,
                        "reg_54": 4294967295,
                        "reg_55": 4294967295,
                        "reg_56": 4294967295,
                        "reg_57": 4294967295,
                        "reg_58": 4294967295,
                        "reg_59": 4294967295,
                        "reg_5a": 4294967295,
                        "reg_5b": 4294967295,
                        "reg_5c": 4294967295,
                        "reg_5d": 4294967295,
                        "reg_5e": 4294967295,
                        "reg_5f": 4294967295,
                        "reg_60": 4294967295,
                        "reg_61": 4294967295,
                        "reg_62": 4294967295,
                        "reg_63": 4294967295,
                        "reg_64": 4294967295,
                        "reg_65": 4294967295,
                        "reg_66": 4294967295,
                        "reg_67": 4294967295,
                        "reg_68": 0,
                        "reg_69": 0,
                        "reg_6a": 0,
                        "reg_6b": 0,
                        "reg_6c": 0,
                        "reg_6d": 0,
                        "reg_6e": 0,
                        "reg_6f": 0
                    },
                    {
                        "address": 1,
                        "reg_01": 15939052,
                        "reg_02": 25168950,
                        "reg_03": 158515308,
                        "reg_10": 0,
                        "reg_11": 0,
                        "reg_12": 0,
                        "reg_13": 0,
                        "reg_14": 0,
                        "reg_15": 0,
                        "reg_16": 0,
                        "reg_17": 0,
                        "reg_20": 26214456,
                        "reg_21": 1124073984,
                        "reg_40": 4294967295,
                        "reg_41": 4294967295,
                        "reg_42": 4294967295,
                        "reg_43": 4294967295,
                        "reg_44": 4294967295,
                        "reg_45": 4294967295,
                        "reg_46": 4294967295,
                        "reg_47": 4294967295,
                        "reg_48": 4294967295,
                        "reg_49": 4294967295,
                        "reg_4a": 4294967295,
                        "reg_4b": 4294967295,
                        "reg_4c": 4294967295,
                        "reg_4d": 4294967295,
                        "reg_4e": 4294967295,
                        "reg_4f": 4294967295,
                        "reg_50": 4294967295,
                        "reg_51": 4294967295,
                        "reg_52": 4294967295,
                        "reg_53": 4294967295,
                        "reg_54": 4294967295,
                        "reg_55": 4294967295,
                        "reg_56": 4294967295,
                        "reg_57": 4294967295,
                        "reg_58": 4294967295,
                        "reg_59": 4294967295,
                        "reg_5a": 4294967295,
                        "reg_5b": 4294967295,
                        "reg_5c": 4294967295,
                        "reg_5d": 4294967295,
                        "reg_5e": 4294967295,
                        "reg_5f": 4294967295,
                        "reg_60": 4294967295,
                        "reg_61": 4294967295,
                        "reg_62": 4294967295,
                        "reg_63": 4294967295,
                        "reg_64": 4294967295,
                        "reg_65": 4294967295,
                        "reg_66": 4294967295,
                        "reg_67": 4294967295,
                        "reg_68": 0,
                        "reg_69": 0,
                        "reg_6a": 0,
                        "reg_6b": 0,
                        "reg_6c": 0,
                        "reg_6d": 0,
                        "reg_6e": 0,
                        "reg_6f": 0
                    },
                    {
                        "address": 2,
                        "reg_01": 15938028,
                        "reg_02": 25168694,
                        "reg_03": 158498924,
                        "reg_10": 0,
                        "reg_11": 0,
                        "reg_12": 0,
                        "reg_13": 0,
                        "reg_14": 0,
                        "reg_15": 0,
                        "reg_16": 0,
                        "reg_17": 0,
                        "reg_20": 26214456,
                        "reg_21": 1124073984,
                        "reg_40": 4294967295,
                        "reg_41": 4294967295,
                        "reg_42": 4294967295,
                        "reg_43": 4294967295,
                        "reg_44": 4294967295,
                        "reg_45": 4294967295,
                        "reg_46": 4294967295,
                        "reg_47": 4294967295,
                        "reg_48": 4294967295,
                        "reg_49": 4294967295,
                        "reg_4a": 4294967295,
                        "reg_4b": 4294967295,
                        "reg_4c": 4294967295,
                        "reg_4d": 4294967295,
                        "reg_4e": 4294967295,
                        "reg_4f": 4294967295,
                        "reg_50": 4294967295,
                        "reg_51": 4294967295,
                        "reg_52": 4294967295,
                        "reg_53": 4294967295,
                        "reg_54": 4294967295,
                        "reg_55": 4294967295,
                        "reg_56": 4294967295,
                        "reg_57": 4294967295,
                        "reg_58": 4294967295,
                        "reg_59": 4294967295,
                        "reg_5a": 4294967295,
                        "reg_5b": 4294967295,
                        "reg_5c": 4294967295,
                        "reg_5d": 4294967295,
                        "reg_5e": 4294967295,
                        "reg_5f": 4294967295,
                        "reg_60": 4294967295,
                        "reg_61": 4294967295,
                        "reg_62": 4294967295,
                        "reg_63": 4294967295,
                        "reg_64": 4294967295,
                        "reg_65": 4294967295,
                        "reg_66": 4294967295,
                        "reg_67": 4294967295,
                        "reg_68": 0,
                        "reg_69": 0,
                        "reg_6a": 0,
                        "reg_6b": 0,
                        "reg_6c": 0,
                        "reg_6d": 0,
                        "reg_6e": 0,
                        "reg_6f": 0
                    },
                    {
                        "address": 3,
                        "reg_01": 15939053,
                        "reg_02": 25168694,
                        "reg_03": 158515308,
                        "reg_10": 0,
                        "reg_11": 0,
                        "reg_12": 0,
                        "reg_13": 0,
                        "reg_14": 0,
                        "reg_15": 0,
                        "reg_16": 0,
                        "reg_17": 0,
                        "reg_20": 26214456,
                        "reg_21": 1124073984,
                        "reg_40": 4294967295,
                        "reg_41": 4294967295,
                        "reg_42": 4294967295,
                        "reg_43": 4294967295,
                        "reg_44": 4294967295,
                        "reg_45": 4294967295,
                        "reg_46": 4294967295,
                        "reg_47": 4294967295,
                        "reg_48": 4294967295,
                        "reg_49": 4294967295,
                        "reg_4a": 4294967295,
                        "reg_4b": 4294967295,
                        "reg_4c": 4294967295,
                        "reg_4d": 4294967295,
                        "reg_4e": 4294967295,
                        "reg_4f": 4294967295,
                        "reg_50": 4294967295,
                        "reg_51": 4294967295,
                        "reg_52": 4294967295,
                        "reg_53": 4294967295,
                        "reg_54": 4294967295,
                        "reg_55": 4294967295,
                        "reg_56": 4294967295,
                        "reg_57": 4294967295,
                        "reg_58": 4294967295,
                        "reg_59": 4294967295,
                        "reg_5a": 4294967295,
                        "reg_5b": 4294967295,
                        "reg_5c": 4294967295,
                        "reg_5d": 4294967295,
                        "reg_5e": 4294967295,
                        "reg_5f": 4294967295,
                        "reg_60": 4294967295,
                        "reg_61": 4294967295,
                        "reg_62": 4294967295,
                        "reg_63": 4294967295,
                        "reg_64": 4294967295,
                        "reg_65": 4294967295,
                        "reg_66": 4294967295,
                        "reg_67": 4294967295,
                        "reg_68": 0,
                        "reg_69": 0,
                        "reg_6a": 0,
                        "reg_6b": 0,
                        "reg_6c": 0,
                        "reg_6d": 0,
                        "reg_6e": 0,
                        "reg_6f": 0
                    },
                    {
                        "address": 4,
                        "reg_01": 15938028,
                        "reg_02": 25168950,
                        "reg_03": 156401772,
                        "reg_10": 0,
                        "reg_11": 0,
                        "reg_12": 0,
                        "reg_13": 0,
                        "reg_14": 0,
                        "reg_15": 0,
                        "reg_16": 0,
                        "reg_17": 0,
                        "reg_20": 26214456,
                        "reg_21": 1124073984,
                        "reg_40": 4294967295,
                        "reg_41": 4294967295,
                        "reg_42": 4294967295,
                        "reg_43": 4294967295,
                        "reg_44": 4294967295,
                        "reg_45": 4294967295,
                        "reg_46": 4294967295,
                        "reg_47": 4294967295,
                        "reg_48": 4294967295,
                        "reg_49": 4294967295,
                        "reg_4a": 4294967295,
                        "reg_4b": 4294967295,
                        "reg_4c": 4294967295,
                        "reg_4d": 4294967295,
                        "reg_4e": 4294967295,
                        "reg_4f": 4294967295,
                        "reg_50": 4294967295,
                        "reg_51": 4294967295,
                        "reg_52": 4294967295,
                        "reg_53": 4294967295,
                        "reg_54": 4294967295,
                        "reg_55": 4294967295,
                        "reg_56": 4294967295,
                        "reg_57": 4294967295,
                        "reg_58": 4294967295,
                        "reg_59": 4294967295,
                        "reg_5a": 4294967295,
                        "reg_5b": 4294967295,
                        "reg_5c": 4294967295,
                        "reg_5d": 4294967295,
                        "reg_5e": 4294967295,
                        "reg_5f": 4294967295,
                        "reg_60": 4294967295,
                        "reg_61": 4294967295,
                        "reg_62": 4294967295,
                        "reg_63": 4294967295,
                        "reg_64": 4294967295,
                        "reg_65": 4294967295,
                        "reg_66": 4294967295,
                        "reg_67": 4294967295,
                        "reg_68": 0,
                        "reg_69": 0,
                        "reg_6a": 0,
                        "reg_6b": 0,
                        "reg_6c": 0,
                        "reg_6d": 0,
                        "reg_6e": 0,
                        "reg_6f": 0
                    },
                    {
                        "address": 5,
                        "reg_01": 15939053,
                        "reg_02": 25168950,
                        "reg_03": 158498924,
                        "reg_10": 0,
                        "reg_11": 0,
                        "reg_12": 0,
                        "reg_13": 0,
                        "reg_14": 0,
                        "reg_15": 0,
                        "reg_16": 0,
                        "reg_17": 0,
                        "reg_20": 26214456,
                        "reg_21": 1124073984,
                        "reg_40": 4294967295,
                        "reg_41": 4294967295,
                        "reg_42": 4294967295,
                        "reg_43": 4294967295,
                        "reg_44": 4294967295,
                        "reg_45": 4294967295,
                        "reg_46": 4294967295,
                        "reg_47": 4294967295,
                        "reg_48": 4294967295,
                        "reg_49": 4294967295,
                        "reg_4a": 4294967295,
                        "reg_4b": 4294967295,
                        "reg_4c": 4294967295,
                        "reg_4d": 4294967295,
                        "reg_4e": 4294967295,
                        "reg_4f": 4294967295,
                        "reg_50": 4294967295,
                        "reg_51": 4294967295,
                        "reg_52": 4294967295,
                        "reg_53": 4294967295,
                        "reg_54": 4294967295,
                        "reg_55": 4294967295,
                        "reg_56": 4294967295,
                        "reg_57": 4294967295,
                        "reg_58": 4294967295,
                        "reg_59": 4294967295,
                        "reg_5a": 4294967295,
                        "reg_5b": 4294967295,
                        "reg_5c": 4294967295,
                        "reg_5d": 4294967295,
                        "reg_5e": 4294967295,
                        "reg_5f": 4294967295,
                        "reg_60": 4294967295,
                        "reg_61": 4294967295,
                        "reg_62": 4294967295,
                        "reg_63": 4294967295,
                        "reg_64": 4294967295,
                        "reg_65": 4294967295,
                        "reg_66": 4294967295,
                        "reg_67": 4294967295,
                        "reg_68": 0,
                        "reg_69": 0,
                        "reg_6a": 0,
                        "reg_6b": 0,
                        "reg_6c": 0,
                        "reg_6d": 0,
                        "reg_6e": 0,
                        "reg_6f": 0
                    },
                    {
                        "address": 6,
                        "reg_01": 15939053,
                        "reg_02": 25168694,
                        "reg_03": 158515308,
                        "reg_10": 0,
                        "reg_11": 0,
                        "reg_12": 0,
                        "reg_13": 0,
                        "reg_14": 0,
                        "reg_15": 0,
                        "reg_16": 0,
                        "reg_17": 0,
                        "reg_20": 26214456,
                        "reg_21": 1124073984,
                        "reg_40": 4294967295,
                        "reg_41": 4294967295,
                        "reg_42": 4294967295,
                        "reg_43": 4294967295,
                        "reg_44": 4294967295,
                        "reg_45": 4294967295,
                        "reg_46": 4294967295,
                        "reg_47": 4294967295,
                        "reg_48": 4294967295,
                        "reg_49": 4294967295,
                        "reg_4a": 4294967295,
                        "reg_4b": 4294967295,
                        "reg_4c": 4294967295,
                        "reg_4d": 4294967295,
                        "reg_4e": 4294967295,
                        "reg_4f": 4294967295,
                        "reg_50": 4294967295,
                        "reg_51": 4294967295,
                        "reg_52": 4294967295,
                        "reg_53": 4294967295,
                        "reg_54": 4294967295,
                        "reg_55": 4294967295,
                        "reg_56": 4294967295,
                        "reg_57": 4294967295,
                        "reg_58": 4294967295,
                        "reg_59": 4294967295,
                        "reg_5a": 4294967295,
                        "reg_5b": 4294967295,
                        "reg_5c": 4294967295,
                        "reg_5d": 4294967295,
                        "reg_5e": 4294967295,
                        "reg_5f": 4294967295,
                        "reg_60": 4294967295,
                        "reg_61": 4294967295,
                        "reg_62": 4294967295,
                        "reg_63": 4294967295,
                        "reg_64": 4294967295,
                        "reg_65": 4294967295,
                        "reg_66": 4294967295,
                        "reg_67": 4294967295,
                        "reg_68": 0,
                        "reg_69": 0,
                        "reg_6a": 0,
                        "reg_6b": 0,
                        "reg_6c": 0,
                        "reg_6d": 0,
                        "reg_6e": 0,
                        "reg_6f": 0
                    },
                    {
                        "address": 7,
                        "reg_01": 15939053,
                        "reg_02": 25168950,
                        "reg_03": 158498924,
                        "reg_10": 0,
                        "reg_11": 0,
                        "reg_12": 0,
                        "reg_13": 0,
                        "reg_14": 0,
                        "reg_15": 0,
                        "reg_16": 0,
                        "reg_17": 0,
                        "reg_20": 26214456,
                        "reg_21": 1124073984,
                        "reg_40": 4294967295,
                        "reg_41": 4294967295,
                        "reg_42": 4294967295,
                        "reg_43": 4294967295,
                        "reg_44": 4294967295,
                        "reg_45": 4294967295,
                        "reg_46": 4294967295,
                        "reg_47": 4294967295,
                        "reg_48": 4294967295,
                        "reg_49": 4294967295,
                        "reg_4a": 4294967295,
                        "reg_4b": 4294967295,
                        "reg_4c": 4294967295,
                        "reg_4d": 4294967295,
                        "reg_4e": 4294967295,
                        "reg_4f": 4294967295,
                        "reg_50": 4294967295,
                        "reg_51": 4294967295,
                        "reg_52": 4294967295,
                        "reg_53": 4294967295,
                        "reg_54": 4294967295,
                        "reg_55": 4294967295,
                        "reg_56": 4294967295,
                        "reg_57": 4294967295,
                        "reg_58": 4294967295,
                        "reg_59": 4294967295,
                        "reg_5a": 4294967295,
                        "reg_5b": 4294967295,
                        "reg_5c": 4294967295,
                        "reg_5d": 4294967295,
                        "reg_5e": 4294967295,
                        "reg_5f": 4294967295,
                        "reg_60": 4294967295,
                        "reg_61": 4294967295,
                        "reg_62": 4294967295,
                        "reg_63": 4294967295,
                        "reg_64": 4294967295,
                        "reg_65": 4294967295,
                        "reg_66": 4294967295,
                        "reg_67": 4294967295,
                        "reg_68": 0,
                        "reg_69": 0,
                        "reg_6a": 0,
                        "reg_6b": 0,
                        "reg_6c": 0,
                        "reg_6d": 0,
                        "reg_6e": 0,
                        "reg_6f": 0
                    },
                    {
                        "address": 8,
                        "reg_01": 15937996,
                        "reg_02": 25168694,
                        "reg_03": 156418156,
                        "reg_10": 0,
                        "reg_11": 0,
                        "reg_12": 0,
                        "reg_13": 0,
                        "reg_14": 0,
                        "reg_15": 0,
                        "reg_16": 0,
                        "reg_17": 0,
                        "reg_20": 26214456,
                        "reg_21": 1124073984,
                        "reg_40": 4294967295,
                        "reg_41": 4294967295,
                        "reg_42": 4294967295,
                        "reg_43": 4294967295,
                        "reg_44": 4294967295,
                        "reg_45": 4294967295,
                        "reg_46": 4294967295,
                        "reg_47": 4294967295,
                        "reg_48": 4294967295,
                        "reg_49": 4294967295,
                        "reg_4a": 4294967295,
                        "reg_4b": 4294967295,
                        "reg_4c": 4294967295,
                        "reg_4d": 4294967295,
                        "reg_4e": 4294967295,
                        "reg_4f": 4294967295,
                        "reg_50": 4294967295,
                        "reg_51": 4294967295,
                        "reg_52": 4294967295,
                        "reg_53": 4294967295,
                        "reg_54": 4294967295,
                        "reg_55": 4294967295,
                        "reg_56": 4294967295,
                        "reg_57": 4294967295,
                        "reg_58": 4294967295,
                        "reg_59": 4294967295,
                        "reg_5a": 4294967295,
                        "reg_5b": 4294967295,
                        "reg_5c": 4294967295,
                        "reg_5d": 4294967295,
                        "reg_5e": 4294967295,
                        "reg_5f": 4294967295,
                        "reg_60": 4294967295,
                        "reg_61": 4294967295,
                        "reg_62": 4294967295,
                        "reg_63": 4294967295,
                        "reg_64": 4294967295,
                        "reg_65": 4294967295,
                        "reg_66": 4294967295,
                        "reg_67": 4294967295,
                        "reg_68": 0,
                        "reg_69": 0,
                        "reg_6a": 0,
                        "reg_6b": 0,
                        "reg_6c": 0,
                        "reg_6d": 0,
                        "reg_6e": 0,
                        "reg_6f": 0
                    },
                    {
                        "address": 9,
                        "reg_01": 15938028,
                        "reg_02": 25168694,
                        "reg_03": 158498924,
                        "reg_10": 0,
                        "reg_11": 0,
                        "reg_12": 0,
                        "reg_13": 0,
                        "reg_14": 0,
                        "reg_15": 0,
                        "reg_16": 0,
                        "reg_17": 0,
                        "reg_20": 26214456,
                        "reg_21": 1124073984,
                        "reg_40": 4294967295,
                        "reg_41": 4294967295,
                        "reg_42": 4294967295,
                        "reg_43": 4294967295,
                        "reg_44": 4294967295,
                        "reg_45": 4294967295,
                        "reg_46": 4294967295,
                        "reg_47": 4294967295,
                        "reg_48": 4294967295,
                        "reg_49": 4294967295,
                        "reg_4a": 4294967295,
                        "reg_4b": 4294967295,
                        "reg_4c": 4294967295,
                        "reg_4d": 4294967295,
                        "reg_4e": 4294967295,
                        "reg_4f": 4294967295,
                        "reg_50": 4294967295,
                        "reg_51": 4294967295,
                        "reg_52": 4294967295,
                        "reg_53": 4294967295,
                        "reg_54": 4294967295,
                        "reg_55": 4294967295,
                        "reg_56": 4294967295,
                        "reg_57": 4294967295,
                        "reg_58": 4294967295,
                        "reg_59": 4294967295,
                        "reg_5a": 4294967295,
                        "reg_5b": 4294967295,
                        "reg_5c": 4294967295,
                        "reg_5d": 4294967295,
                        "reg_5e": 4294967295,
                        "reg_5f": 4294967295,
                        "reg_60": 4294967295,
                        "reg_61": 4294967295,
                        "reg_62": 4294967295,
                        "reg_63": 4294967295,
                        "reg_64": 4294967295,
                        "reg_65": 4294967295,
                        "reg_66": 4294967295,
                        "reg_67": 4294967295,
                        "reg_68": 0,
                        "reg_69": 0,
                        "reg_6a": 0,
                        "reg_6b": 0,
                        "reg_6c": 0,
                        "reg_6d": 0,
                        "reg_6e": 0,
                        "reg_6f": 0
                    }
                ],
                "chipset": "ABCStarv1 + HCCStarv1",
                "hcc": {
                    "address": 3,
                    "regs": [
                        37748736,
                        572662306,
                        546,
                        16726789,
                        0,
                        4,
                        268435455,
                        20,
                        2046,
                        196624,
                        196624,
                        0,
                        398,
                        7405571,
                        7405571,
                        0,
                        4285952
                    ]
                },
                "pos_to_addr": [
                    0,
                    1,
                    2,
                    3,
                    4,
                    5,
                    6,
                    7,
                    8,
                    9
                ],
                "pos_to_id": [
                    0,
                    1,
                    2,
                    3,
                    4,
                    5,
                    6,
                    7,
                    8,
                    9
                ],
                "stream": "16"
            }
        ]
    },
    "scan_info": {
        "BC ID reset frequency": 0,
        "COM_DELAY": 200,
        "Config frequency": 0,
        "L1A per loop": 1,
        "PULSE_DELAY": 129,
        "Soft reset frequency": 1000,
        "TRIG_DELAY": 128,
        "abc_busy_limit": 5,
        "abort_on_l0id_mismatch": 0,
        "burst max timeouts": 6,
        "burst maxtrigs": 1000000,
        "burst ntrigs": 100,
        "burst target": 10,
        "burst trtype": 0,
        "burst type": 100,
        "check_l0id_offset": 0,
        "continue_event_count_between_bursts": 0,
        "debug level": 0,
        "do action DCS": 1,
        "do autostop": 1,
        "do calibration loop": 0,
        "do fill evtree": 0,
        "do fits": 1,
        "do mask by cal": 0,
        "do mask test": 0,
        "do pre burst": 0,
        "do threaded burst": 1,
        "do vary ntrigs": 0,
        "do_check_l0id": 0,
        "do_read_post_scan_config": 1,
        "drop_extra_events": 0,
        "dump_raw_data": 0,
        "external_trigger_source": 255,
        "fill_delta_t": 1,
        "fill_timebin_hit_data": 0,
        "fill_tree_counter": 0,
        "hcc_star_select_decoder": 0,
        "one_bank": 0,
        "pack_hitmap_bits": 0,
        "pull_event_by_l0": 0,
        "rate_limit_delay": 0,
        "read_tdc_data": 0,
        "reset_on_l0id_mismatch": 0,
        "save_event_hit_data": 0,
        "save_raw_event_data": 0,
        "save_trigger_data": 0,
        "send signals": 0,
        "send_raw_event_data": 0,
        "send_signal_event_offset": 0,
        "signal_filler_events": 0,
        "throw away triggers": 0,
        "trigger_single_packet": 0,
        "ttc_busy_limit": 5,
        "wait_external_trigger_timeout": 5
    },
    "scan_points": {
        "scan_type": 6,
        "scan_type_string": "TRIMDAC",
        "scan_values": [
            0.0,
            1.0,
            2.0,
            3.0,
            4.0,
            5.0,
            6.0,
            7.0,
            8.0,
            9.0,
            10.0,
            11.0,
            12.0,
            13.0,
            14.0,
            15.0,
            16.0,
            17.0,
            18.0,
            19.0,
            20.0,
            21.0,
            22.0,
            23.0,
            24.0,
            25.0,
            26.0,
            27.0,
            28.0,
            29.0,
            30.0,
            31.0
        ]
    },
    "schema_version": 2,
    "system_info": {
        "GIT Describe": "itsdaq_23_3_2023-762-gaaa93536d",
        "GIT URL": "https://gitlab.cern.ch/atlas-itk-strips-daq/itsdaq-sw.git/-/tree/aaa93536d1b4f8d0e258c9c1a60e2ce28885f70b",
        "GIT branch": "",
        "GIT commit date": "2023-10-06 15:07:35 +0000 (Fri, 06 Oct 2023)",
        "GIT info extracted": "2023-10-09 08:26:38 +0000 (Mon, 09 Oct 2023)",
        "GIT revision": "aaa93536d1b4f8d0e258c9c1a60e2ce28885f70b",
        "dedication": "New dedication as we're going for PPA",
        "firmware": "0xb640"
    },
    "trigger_sequence": [
        {
            "command": "none"
        },
        {
            "delay": 200
        },
        {
            "command": "none"
        },
        {
            "delay": 0
        },
        {
            "loop": {
                "count": 1,
                "sequence": [
                    {
                        "command": "trigger"
                    },
                    {
                        "delay": 0
                    }
                ]
            }
        }
    ]
}
