{
    "component": "20USBHY0000405",
    "date": "2023-10-09T09:02:38.000Z",
    "defects": [
        {
            "description": "Low SD width: 14.8 (module average 19.9)",
            "name": "SD_LOW_WIDTH",
            "properties": {
                "chip_bank": "under",
                "chip_in_histo": 1
            }
        }
    ],
    "passed": true,
    "problems": true,
    "properties": {
        "DCS": {
            "ABC_temp_raw_1": 2159.0,
            "ABC_temp_raw_10": 2520.0,
            "ABC_temp_raw_2": 2310.0,
            "ABC_temp_raw_3": 2422.0,
            "ABC_temp_raw_4": 2738.0,
            "ABC_temp_raw_5": 2752.0,
            "ABC_temp_raw_6": 2509.0,
            "ABC_temp_raw_7": 2422.0,
            "ABC_temp_raw_8": 2580.0,
            "ABC_temp_raw_9": 2566.0,
            "AMAC_AM600BG": 607.87353515625,
            "AMAC_AM900BG": 899.5745239257813,
            "AMAC_AMref": 108.65372467041016,
            "AMAC_BG600": 633.323974609375,
            "AMAC_CAL": -10.767486572265625,
            "AMAC_CALx": 15.661798477172852,
            "AMAC_CALy": 12.725211143493652,
            "AMAC_CHIPGND": 0.0,
            "AMAC_CTAT": 440.4880676269531,
            "AMAC_Cur10V": 330.8554992675781,
            "AMAC_Cur1V5": 843.7794189453125,
            "AMAC_DCDCin": 10850.689453125,
            "AMAC_DCDCinHigh": 847.69482421875,
            "AMAC_DCDCinLow": 873.145263671875,
            "AMAC_DCDCoutHigh": 827.1387329101563,
            "AMAC_DCDCoutLow": 803.6460571289063,
            "AMAC_HGND": 0.0,
            "AMAC_HVret": 726.9081420898438,
            "AMAC_HVret_V": 130.18870544433594,
            "AMAC_Hrefx": 4.894311904907227,
            "AMAC_Hrefy": 4.894311904907227,
            "AMAC_NTCpb": 31.202417373657227,
            "AMAC_NTCpb_V": 891.74365234375,
            "AMAC_NTCx": 20.7442569732666,
            "AMAC_NTCx_V": 660.7321166992188,
            "AMAC_NTCy": 21.53899574279785,
            "AMAC_NTCy_V": 689.119140625,
            "AMAC_PTAT_V": 1282.3096923828125,
            "AMAC_Shuntx": 125.29438781738281,
            "AMAC_Shunty": 129.2098388671875,
            "AMAC_VDCDC": 1335.1683349609375,
            "AMAC_VDDHI": 3441.68017578125,
            "AMAC_VDDLRhigh": 795.8151245117188,
            "AMAC_VDDLRlow": 795.8151245117188,
            "AMAC_VREG": 1198.1275634765625,
            "HCC_temp_raw": 375.0,
            "HCC_temp_rough_cal": 49.375
        },
        "FRACTION": 0.57,
        "det_info": {
            "ABC_Fuse": [
                "8941818a",
                "8941818b",
                "8945b193",
                "8945b195",
                "8945b196",
                "8945b198",
                "8945b19a",
                "8945b19b",
                "8945b19c",
                "8945b1a4"
            ],
            "Address": [
                0,
                1,
                2,
                3,
                4,
                5,
                6,
                7,
                8,
                9
            ],
            "Channel": [
                1,
                2,
                3,
                4,
                5,
                6,
                7,
                8,
                9,
                10
            ],
            "DUT_type": "20USBHY0000405",
            "HCC_Fuse": "30401061",
            "name": "SN20USBHY0000405"
        },
        "scan_info": {
            "event_count": 32
        },
        "system_info": {
            "Analysis_time": "2023-10-09T09:02:39.000Z",
            "Firmware revision": "0xb640",
            "GIT URL": "https://gitlab.cern.ch/atlas-itk-strips-daq/itsdaq-sw.git/-/tree/aaa93536d1b4f8d0e258c9c1a60e2ce28885f70b",
            "GIT branch": "",
            "GIT build date": "2023-10-09 08:26:38 +0000 (Mon, 09 Oct 2023)",
            "GIT commit date": "2023-10-06 15:07:35 +0000 (Fri, 06 Oct 2023)",
            "GIT describe": "itsdaq_23_3_2023-762-gaaa93536d",
            "GIT revision": "aaa93536d1b4f8d0e258c9c1a60e2ce28885f70b",
            "Location": "BHAM_COLDJIG",
            "User": "FU",
            "analysis_version": "3.43",
            "dedication": "New dedication as we're going for PPA",
            "host": "epldt126"
        }
    },
    "results": {
        "StrobeDelay_away": [
            23,
            19,
            20,
            24,
            24,
            25,
            23,
            23,
            19,
            21,
            -1,
            -1,
            -1,
            -1,
            -1,
            -1
        ],
        "StrobeDelay_under": [
            23,
            19,
            20,
            24,
            24,
            24,
            23,
            22,
            19,
            21,
            -1,
            -1,
            -1,
            -1,
            -1,
            -1
        ]
    },
    "runNumber": "63-3",
    "testType": "STROBE_DELAY_PPA"
}
