{
    "component": "20USBHX2001092",
    "date": "2023-10-09T09:02:38.000Z",
    "passed": true,
    "problems": false,
    "properties": {
        "DCS": {
            "ABC_temp_raw_1": 2585.0,
            "ABC_temp_raw_10": 2286.0,
            "ABC_temp_raw_2": 2697.0,
            "ABC_temp_raw_3": 2583.0,
            "ABC_temp_raw_4": 2581.0,
            "ABC_temp_raw_5": 2513.0,
            "ABC_temp_raw_6": 2473.0,
            "ABC_temp_raw_7": 2506.0,
            "ABC_temp_raw_8": 2402.0,
            "ABC_temp_raw_9": 2384.0,
            "AMAC_AM600BG": 607.87353515625,
            "AMAC_AM900BG": 899.5745239257813,
            "AMAC_AMref": 108.65372467041016,
            "AMAC_BG600": 633.323974609375,
            "AMAC_CAL": -10.767486572265625,
            "AMAC_CALx": 15.661798477172852,
            "AMAC_CALy": 12.725211143493652,
            "AMAC_CHIPGND": 0.0,
            "AMAC_CTAT": 440.4880676269531,
            "AMAC_Cur10V": 330.8554992675781,
            "AMAC_Cur1V5": 843.7794189453125,
            "AMAC_DCDCin": 10850.689453125,
            "AMAC_DCDCinHigh": 847.69482421875,
            "AMAC_DCDCinLow": 873.145263671875,
            "AMAC_DCDCoutHigh": 827.1387329101563,
            "AMAC_DCDCoutLow": 803.6460571289063,
            "AMAC_HGND": 0.0,
            "AMAC_HVret": 726.9081420898438,
            "AMAC_HVret_V": 130.18870544433594,
            "AMAC_Hrefx": 4.894311904907227,
            "AMAC_Hrefy": 4.894311904907227,
            "AMAC_NTCpb": 31.202417373657227,
            "AMAC_NTCpb_V": 891.74365234375,
            "AMAC_NTCx": 20.7442569732666,
            "AMAC_NTCx_V": 660.7321166992188,
            "AMAC_NTCy": 21.53899574279785,
            "AMAC_NTCy_V": 689.119140625,
            "AMAC_PTAT_V": 1282.3096923828125,
            "AMAC_Shuntx": 125.29438781738281,
            "AMAC_Shunty": 129.2098388671875,
            "AMAC_VDCDC": 1335.1683349609375,
            "AMAC_VDDHI": 3441.68017578125,
            "AMAC_VDDLRhigh": 795.8151245117188,
            "AMAC_VDDLRlow": 795.8151245117188,
            "AMAC_VREG": 1198.1275634765625,
            "HCC_temp_raw": 353.0,
            "HCC_temp_rough_cal": 63.43299865722656,
            "Module 0_HV_current": -32600.958984375,
            "Module 0_HV_voltage": -349982.40625
        },
        "FRACTION": 0.57,
        "det_info": {
            "ABC_Fuse": [
                "8945b15d",
                "8945b15e",
                "8945b15f",
                "8945b160",
                "8945b161",
                "8945b162",
                "8945b163",
                "8945b164",
                "8945b165",
                "8945b166"
            ],
            "Address": [
                0,
                1,
                2,
                3,
                4,
                5,
                6,
                7,
                8,
                9
            ],
            "Channel": [
                1,
                2,
                3,
                4,
                5,
                6,
                7,
                8,
                9,
                10
            ],
            "DUT_type": "20USBHX2001092",
            "HCC_Fuse": "2040105c",
            "Module 0_HV_model": "k2410",
            "name": "SN20USBHX2001092"
        },
        "scan_info": {
            "event_count": 32
        },
        "system_info": {
            "Analysis_time": "2023-10-09T09:02:39.000Z",
            "Firmware revision": "0xb640",
            "GIT URL": "https://gitlab.cern.ch/atlas-itk-strips-daq/itsdaq-sw.git/-/tree/aaa93536d1b4f8d0e258c9c1a60e2ce28885f70b",
            "GIT branch": "",
            "GIT build date": "2023-10-09 08:26:38 +0000 (Mon, 09 Oct 2023)",
            "GIT commit date": "2023-10-06 15:07:35 +0000 (Fri, 06 Oct 2023)",
            "GIT describe": "itsdaq_23_3_2023-762-gaaa93536d",
            "GIT revision": "aaa93536d1b4f8d0e258c9c1a60e2ce28885f70b",
            "Location": "BHAM_COLDJIG",
            "User": "FU",
            "analysis_version": "3.43",
            "dedication": "New dedication as we're going for PPA",
            "host": "epldt126"
        }
    },
    "results": {
        "StrobeDelay_away": [
            21,
            22,
            22,
            21,
            23,
            23,
            22,
            20,
            19,
            22,
            -1,
            -1,
            -1,
            -1,
            -1,
            -1
        ],
        "StrobeDelay_under": [
            21,
            22,
            22,
            21,
            23,
            23,
            22,
            20,
            19,
            21,
            -1,
            -1,
            -1,
            -1,
            -1,
            -1
        ]
    },
    "runNumber": "63-3",
    "testType": "STROBE_DELAY_PPA"
}
