{
    "comments": [
        "FAIL due to 2560 bad strips (more than 15)",
        "FAIL due to 1280 consecutive bad strips (more than 8)",
        "No trim data found"
    ],
    "component": "20USBHY0000405",
    "date": "2023-10-09T09:12:35.000Z",
    "defects": [
        {
            "description": "High Noise occupancy > 0.000500",
            "name": "NO_HI",
            "properties": {
                "chip_bank": "under",
                "chip_in_histo": 0
            }
        },
        {
            "description": "High Noise occupancy > 0.000500",
            "name": "NO_HI",
            "properties": {
                "chip_bank": "under",
                "chip_in_histo": 1
            }
        },
        {
            "description": "High Noise occupancy > 0.000500",
            "name": "NO_HI",
            "properties": {
                "chip_bank": "under",
                "chip_in_histo": 2
            }
        },
        {
            "description": "High Noise occupancy > 0.000500",
            "name": "NO_HI",
            "properties": {
                "chip_bank": "under",
                "chip_in_histo": 3
            }
        },
        {
            "description": "High Noise occupancy > 0.000500",
            "name": "NO_HI",
            "properties": {
                "chip_bank": "under",
                "chip_in_histo": 4
            }
        },
        {
            "description": "High Noise occupancy > 0.000500",
            "name": "NO_HI",
            "properties": {
                "chip_bank": "under",
                "chip_in_histo": 5
            }
        },
        {
            "description": "High Noise occupancy > 0.000500",
            "name": "NO_HI",
            "properties": {
                "chip_bank": "under",
                "chip_in_histo": 6
            }
        },
        {
            "description": "High Noise occupancy > 0.000500",
            "name": "NO_HI",
            "properties": {
                "chip_bank": "under",
                "chip_in_histo": 7
            }
        },
        {
            "description": "High Noise occupancy > 0.000500",
            "name": "NO_HI",
            "properties": {
                "chip_bank": "under",
                "chip_in_histo": 8
            }
        },
        {
            "description": "High Noise occupancy > 0.000500",
            "name": "NO_HI",
            "properties": {
                "chip_bank": "under",
                "chip_in_histo": 9
            }
        },
        {
            "description": "High Noise occupancy > 0.000500",
            "name": "NO_HI",
            "properties": {
                "chip_bank": "away",
                "chip_in_histo": 0
            }
        },
        {
            "description": "High Noise occupancy > 0.000500",
            "name": "NO_HI",
            "properties": {
                "chip_bank": "away",
                "chip_in_histo": 1
            }
        },
        {
            "description": "High Noise occupancy > 0.000500",
            "name": "NO_HI",
            "properties": {
                "chip_bank": "away",
                "chip_in_histo": 2
            }
        },
        {
            "description": "High Noise occupancy > 0.000500",
            "name": "NO_HI",
            "properties": {
                "chip_bank": "away",
                "chip_in_histo": 3
            }
        },
        {
            "description": "High Noise occupancy > 0.000500",
            "name": "NO_HI",
            "properties": {
                "chip_bank": "away",
                "chip_in_histo": 4
            }
        },
        {
            "description": "High Noise occupancy > 0.000500",
            "name": "NO_HI",
            "properties": {
                "chip_bank": "away",
                "chip_in_histo": 5
            }
        },
        {
            "description": "High Noise occupancy > 0.000500",
            "name": "NO_HI",
            "properties": {
                "chip_bank": "away",
                "chip_in_histo": 6
            }
        },
        {
            "description": "High Noise occupancy > 0.000500",
            "name": "NO_HI",
            "properties": {
                "chip_bank": "away",
                "chip_in_histo": 7
            }
        },
        {
            "description": "High Noise occupancy > 0.000500",
            "name": "NO_HI",
            "properties": {
                "chip_bank": "away",
                "chip_in_histo": 8
            }
        },
        {
            "description": "High Noise occupancy > 0.000500",
            "name": "NO_HI",
            "properties": {
                "chip_bank": "away",
                "chip_in_histo": 9
            }
        }
    ],
    "passed": false,
    "problems": false,
    "properties": {
        "DCS": {
            "ABC_temp_raw_1": 2159.0,
            "ABC_temp_raw_10": 2518.0,
            "ABC_temp_raw_2": 2310.0,
            "ABC_temp_raw_3": 2416.0,
            "ABC_temp_raw_4": 2737.0,
            "ABC_temp_raw_5": 2751.0,
            "ABC_temp_raw_6": 2509.0,
            "ABC_temp_raw_7": 2419.0,
            "ABC_temp_raw_8": 2576.0,
            "ABC_temp_raw_9": 2574.0,
            "AMAC_AM600BG": 607.87353515625,
            "AMAC_AM900BG": 900.5534057617188,
            "AMAC_AMref": 108.65372467041016,
            "AMAC_BG600": 633.323974609375,
            "AMAC_CAL": -10.767486572265625,
            "AMAC_CALx": 15.661798477172852,
            "AMAC_CALy": 12.725211143493652,
            "AMAC_CHIPGND": 0.0,
            "AMAC_CTAT": 440.4880676269531,
            "AMAC_Cur10V": 332.813232421875,
            "AMAC_Cur1V5": 837.9061889648438,
            "AMAC_DCDCin": 10850.689453125,
            "AMAC_DCDCinHigh": 847.69482421875,
            "AMAC_DCDCinLow": 872.1663818359375,
            "AMAC_DCDCoutHigh": 826.1598510742188,
            "AMAC_DCDCoutLow": 802.6671752929688,
            "AMAC_HGND": 0.0,
            "AMAC_HVret": 798.3650512695313,
            "AMAC_HVret_V": 113.54804229736328,
            "AMAC_Hrefx": 4.894311904907227,
            "AMAC_Hrefy": 3.915449619293213,
            "AMAC_NTCpb": 31.43621253967285,
            "AMAC_NTCpb_V": 896.637939453125,
            "AMAC_NTCx": 20.869226455688477,
            "AMAC_NTCx_V": 662.6898193359375,
            "AMAC_NTCy": 21.779016494750977,
            "AMAC_NTCy_V": 692.0557250976563,
            "AMAC_PTAT_V": 1282.3096923828125,
            "AMAC_Shuntx": 125.29438781738281,
            "AMAC_Shunty": 129.2098388671875,
            "AMAC_VDCDC": 1333.2105712890625,
            "AMAC_VDDHI": 3437.7646484375,
            "AMAC_VDDLRhigh": 795.8151245117188,
            "AMAC_VDDLRlow": 795.8151245117188,
            "AMAC_VREG": 1198.1275634765625,
            "HCC_temp_raw": 375.0,
            "HCC_temp_rough_cal": 49.375
        },
        "det_info": {
            "ABC_Fuse": [
                "8941818a",
                "8941818b",
                "8945b193",
                "8945b195",
                "8945b196",
                "8945b198",
                "8945b19a",
                "8945b19b",
                "8945b19c",
                "8945b1a4"
            ],
            "Address": [
                0,
                1,
                2,
                3,
                4,
                5,
                6,
                7,
                8,
                9
            ],
            "Channel": [
                1,
                2,
                3,
                4,
                5,
                6,
                7,
                8,
                9,
                10
            ],
            "DUT_type": "20USBHY0000405",
            "HCC_Fuse": "30401061",
            "name": "SN20USBHY0000405"
        },
        "scan_info": {
            "event_count": [
                248,
                248,
                248,
                248,
                248,
                248,
                248,
                248,
                248,
                248,
                248,
                248,
                248,
                248,
                248,
                248,
                248,
                248,
                496,
                1736,
                4960,
                11904,
                23808,
                47616,
                95232,
                190464,
                380928,
                761856,
                1523712,
                3047424,
                6094848,
                12189696,
                24379392,
                48758784,
                64000120,
                64000120,
                64000120,
                64000120,
                64000120,
                64000120,
                64000120
            ],
            "rc_fit": [
                [
                    1312.7099609375,
                    3.9000000953674316,
                    -628.010009765625
                ],
                [
                    1339.780029296875,
                    4.349999904632568,
                    -640.8499755859375
                ],
                [
                    1356.5899658203125,
                    3.880000114440918,
                    -648.47998046875
                ],
                [
                    1304.8199462890625,
                    3.9600000381469727,
                    -622.0900268554688
                ],
                [
                    1365.760009765625,
                    4.03000020980835,
                    -653.1900024414063
                ],
                [
                    1364.719970703125,
                    3.869999885559082,
                    -652.8499755859375
                ],
                [
                    1265.0799560546875,
                    3.690000057220459,
                    -603.3200073242188
                ],
                [
                    1243.3199462890625,
                    3.5999999046325684,
                    -592.3200073242188
                ],
                [
                    1262.6700439453125,
                    3.8399999141693115,
                    -600.8099975585938
                ],
                [
                    1334.239990234375,
                    4.170000076293945,
                    -637.1900024414063
                ],
                [
                    1320.3299560546875,
                    3.9200000762939453,
                    -631.280029296875
                ],
                [
                    1350.8299560546875,
                    4.409999847412109,
                    -645.7100219726563
                ],
                [
                    1356.4300537109375,
                    3.9000000953674316,
                    -647.6300048828125
                ],
                [
                    1310.1600341796875,
                    4.0,
                    -624.0999755859375
                ],
                [
                    1378.239990234375,
                    4.070000171661377,
                    -658.6300048828125
                ],
                [
                    1371.8499755859375,
                    3.890000104904175,
                    -655.4600219726563
                ],
                [
                    1274.3399658203125,
                    3.75,
                    -607.219970703125
                ],
                [
                    1256.280029296875,
                    3.630000114440918,
                    -597.9600219726563
                ],
                [
                    1273.1300048828125,
                    3.869999885559082,
                    -605.3400268554688
                ],
                [
                    1353.4000244140625,
                    4.239999771118164,
                    -646.1900024414063
                ]
            ],
            "rc_func": [
                3,
                3,
                3,
                3,
                3,
                3,
                3,
                3,
                3,
                3,
                3,
                3,
                3,
                3,
                3,
                3,
                3,
                3,
                3,
                3
            ],
            "trim_target": [
                15.0,
                15.0,
                15.0,
                15.0,
                15.0,
                15.0,
                15.0,
                15.0,
                15.0,
                15.0,
                15.0,
                15.0,
                15.0,
                15.0,
                15.0,
                15.0,
                15.0,
                15.0,
                15.0,
                15.0
            ]
        },
        "system_info": {
            "Analysis_time": "2023-10-09T09:12:37.000Z",
            "Firmware revision": "0xb640",
            "GIT URL": "https://gitlab.cern.ch/atlas-itk-strips-daq/itsdaq-sw.git/-/tree/aaa93536d1b4f8d0e258c9c1a60e2ce28885f70b",
            "GIT branch": "",
            "GIT build date": "2023-10-09 08:26:38 +0000 (Mon, 09 Oct 2023)",
            "GIT commit date": "2023-10-06 15:07:35 +0000 (Fri, 06 Oct 2023)",
            "GIT describe": "itsdaq_23_3_2023-762-gaaa93536d",
            "GIT revision": "aaa93536d1b4f8d0e258c9c1a60e2ce28885f70b",
            "Location": "BHAM_COLDJIG",
            "User": "FU",
            "analysis_version": "3.43",
            "dedication": "New dedication as we're going for PPA",
            "host": "epldt126"
        }
    },
    "results": {
        "enc_est_away": [
            573.487060546875,
            911.5130004882813,
            550.5564575195313,
            817.8672485351563,
            806.7073974609375,
            775.4912719726563,
            528.8877563476563,
            922.980712890625,
            817.3925170898438,
            1052.783203125
        ],
        "enc_est_under": [
            681.9742431640625,
            651.5025634765625,
            695.3255004882813,
            682.2175903320313,
            649.3951416015625,
            617.8104248046875,
            770.7887573242188,
            672.0210571289063,
            787.027099609375,
            777.9859008789063
        ],
        "occupancy_mean_away": [
            0.409777969121933,
            0.40398165583610535,
            0.40741533041000366,
            0.4002014696598053,
            0.39730319380760193,
            0.3949090242385864,
            0.39402708411216736,
            0.392798513174057,
            0.395759642124176,
            0.39163288474082947
        ],
        "occupancy_mean_under": [
            0.4135582447052002,
            0.4058716893196106,
            0.40476909279823303,
            0.40023288130760193,
            0.39969733357429504,
            0.3880102038383484,
            0.3975866734981537,
            0.3954131603240967,
            0.39472004771232605,
            0.39683064818382263
        ],
        "occupancy_rms_away": [
            0.020243030041456223,
            0.018268998712301254,
            0.01876058615744114,
            0.0217844620347023,
            0.020473502576351166,
            0.020026959478855133,
            0.019637456163764,
            0.021961743012070656,
            0.021211856976151466,
            0.023376446217298508
        ],
        "occupancy_rms_under": [
            0.021747983992099762,
            0.02185104414820671,
            0.021402809768915176,
            0.019068455323576927,
            0.01848500221967697,
            0.01969738118350506,
            0.018948785960674286,
            0.022221764549613,
            0.019697504118084908,
            0.019367745146155357
        ],
        "offset_away": [
            13.031978607177734,
            13.014083862304688,
            12.689200401306152,
            12.685474395751953,
            12.615707397460938,
            12.541350364685059,
            12.823698043823242,
            12.693617820739746,
            12.707191467285156,
            12.898480415344238
        ],
        "offset_under": [
            13.15817642211914,
            13.1007719039917,
            12.637781143188477,
            12.644399642944336,
            12.519065856933594,
            12.486394882202148,
            12.747615814208984,
            12.635117530822754,
            12.640286445617676,
            12.933524131774902
        ]
    },
    "runNumber": "63-17",
    "testType": "NO_PPA"
}
