{
    "component": "20USBHX2001092",
    "date": "2023-10-09T09:39:54.000Z",
    "passed": true,
    "problems": false,
    "properties": {
        "AMAC_CURRENT_RANGE": [
            0,
            0,
            0,
            0,
            0,
            0,
            0,
            0,
            0,
            0,
            0,
            0,
            0,
            0,
            0,
            0,
            0,
            0,
            0,
            0,
            0,
            0,
            0,
            0,
            0,
            0,
            0,
            0,
            0,
            0,
            0,
            0,
            0,
            0,
            0,
            0,
            0,
            0,
            0,
            0,
            0,
            0,
            0,
            0,
            0,
            0,
            0,
            0,
            0,
            0,
            0,
            0,
            0,
            0,
            0,
            0,
            0,
            0,
            0
        ],
        "AMAC_READINGS": 1000,
        "DCS": {
            "ABC_temp_raw_1": 2580.0,
            "ABC_temp_raw_10": 2284.0,
            "ABC_temp_raw_2": 2691.0,
            "ABC_temp_raw_3": 2580.0,
            "ABC_temp_raw_4": 2579.0,
            "ABC_temp_raw_5": 2512.0,
            "ABC_temp_raw_6": 2472.0,
            "ABC_temp_raw_7": 2502.0,
            "ABC_temp_raw_8": 2399.0,
            "ABC_temp_raw_9": 2381.0,
            "AMAC_AM600BG": 607.87353515625,
            "AMAC_AM900BG": 900.5534057617188,
            "AMAC_AMref": 108.65372467041016,
            "AMAC_BG600": 633.323974609375,
            "AMAC_CAL": -10.767486572265625,
            "AMAC_CALx": 15.661798477172852,
            "AMAC_CALy": 12.725211143493652,
            "AMAC_CHIPGND": 0.0,
            "AMAC_CTAT": 440.4880676269531,
            "AMAC_Cur10V": 332.813232421875,
            "AMAC_Cur1V5": 837.9061889648438,
            "AMAC_DCDCin": 10850.689453125,
            "AMAC_DCDCinHigh": 847.69482421875,
            "AMAC_DCDCinLow": 872.1663818359375,
            "AMAC_DCDCoutHigh": 826.1598510742188,
            "AMAC_DCDCoutLow": 802.6671752929688,
            "AMAC_HGND": 0.0,
            "AMAC_HVret": 798.3650512695313,
            "AMAC_HVret_V": 113.54804229736328,
            "AMAC_Hrefx": 4.894311904907227,
            "AMAC_Hrefy": 3.915449619293213,
            "AMAC_NTCpb": 31.43621253967285,
            "AMAC_NTCpb_V": 896.637939453125,
            "AMAC_NTCx": 20.869226455688477,
            "AMAC_NTCx_V": 662.6898193359375,
            "AMAC_NTCy": 21.779016494750977,
            "AMAC_NTCy_V": 692.0557250976563,
            "AMAC_PTAT_V": 1282.3096923828125,
            "AMAC_Shuntx": 125.29438781738281,
            "AMAC_Shunty": 129.2098388671875,
            "AMAC_VDCDC": 1333.2105712890625,
            "AMAC_VDDHI": 3437.7646484375,
            "AMAC_VDDLRhigh": 795.8151245117188,
            "AMAC_VDDLRlow": 795.8151245117188,
            "AMAC_VREG": 1198.1275634765625,
            "HCC_temp_raw": 352.0,
            "HCC_temp_rough_cal": 64.07200622558594,
            "Module 0_HV_current": 0.0,
            "Module 0_HV_voltage": 0.0
        },
        "det_info": {
            "AMAC_FuseID": "401586",
            "Address": [
                0,
                1,
                2,
                3,
                4,
                5,
                6,
                7,
                8,
                9
            ],
            "Module 0_HV_model": "k2410",
            "name": "SN20USBHX2001092"
        },
        "scan_info": {
            "AMAC_ILIMIT": 10,
            "PS_ILIMIT": 10,
            "SET_VOLTAGE": [
                0.0,
                -10.0,
                -20.0,
                -30.0,
                -40.0,
                -50.0,
                -60.0,
                -70.0,
                -80.0,
                -90.0,
                -100.0,
                -110.0,
                -120.0,
                -130.0,
                -140.0,
                -150.0,
                -160.0,
                -170.0,
                -180.0,
                -190.0,
                -200.0,
                -210.0,
                -220.0,
                -230.0,
                -240.0,
                -250.0,
                -260.0,
                -270.0,
                -280.0,
                -290.0,
                -300.0,
                -310.0,
                -320.0,
                -330.0,
                -340.0,
                -350.0,
                -360.0,
                -370.0,
                -380.0,
                -390.0,
                -400.0,
                -410.0,
                -420.0,
                -430.0,
                -440.0,
                -450.0,
                -460.0,
                -470.0,
                -480.0,
                -490.0,
                -500.0,
                -510.0,
                -520.0,
                -530.0,
                -540.0,
                -550.0,
                -550.0,
                -550.0,
                -550.0
            ]
        },
        "sensor_type": "BARREL_SS_MODULE",
        "system_info": {
            "Firmware revision": "0xb640",
            "GIT URL": "https://gitlab.cern.ch/atlas-itk-strips-daq/itsdaq-sw.git/-/tree/aaa93536d1b4f8d0e258c9c1a60e2ce28885f70b",
            "GIT branch": "",
            "GIT build date": "2023-10-09 08:26:38 +0000 (Mon, 09 Oct 2023)",
            "GIT commit date": "2023-10-06 15:07:35 +0000 (Fri, 06 Oct 2023)",
            "GIT describe": "itsdaq_23_3_2023-762-gaaa93536d",
            "GIT revision": "aaa93536d1b4f8d0e258c9c1a60e2ce28885f70b",
            "analysis_version": "3.43",
            "dedication": "New dedication as we're going for PPA"
        }
    },
    "results": {
        "CURRENT": [
            2.4970855712890625,
            240.48330688476563,
            297.00616455078125,
            335.9312744140625,
            373.06500244140625,
            411.7166748046875,
            445.76068115234375,
            466.42779541015625,
            482.79168701171875,
            493.4674987792969,
            505.87164306640625,
            513.405029296875,
            517.3358764648438,
            529.4461669921875,
            540.42529296875,
            548.4242553710938,
            553.5542602539063,
            560.1427001953125,
            570.172607421875,
            579.7764892578125,
            587.584228515625,
            597.3980712890625,
            615.1875610351563,
            624.8403930664063,
            636.5005493164063,
            646.8384399414063,
            656.8241577148438,
            662.659912109375,
            674.5791015625,
            687.829833984375,
            700.2578735351563,
            708.697021484375,
            722.71142578125,
            739.1985473632813,
            749.4390258789063,
            759.88916015625,
            772.8411254882813,
            781.642333984375,
            801.109619140625,
            808.3695678710938,
            825.9902954101563,
            840.8375854492188,
            858.98388671875,
            869.7479248046875,
            884.5843505859375,
            902.0349731445313,
            913.1421508789063,
            920.5440063476563,
            937.2941284179688,
            955.5324096679688,
            970.722900390625,
            981.4623413085938,
            992.3923950195313,
            1011.3515014648438,
            1026.809326171875,
            1042.855712890625,
            1042.8460693359375,
            1046.526611328125,
            1049.3697509765625
        ],
        "CURRENT_RMS": [
            1.6278433799743652,
            1.4408032894134521,
            1.5783213376998901,
            1.6431232690811157,
            1.7760001420974731,
            1.877419114112854,
            1.863142967224121,
            1.9982937574386597,
            1.976853609085083,
            1.9642283916473389,
            1.9462631940841675,
            2.0217928886413574,
            1.9743291139602661,
            2.0036418437957764,
            2.0534956455230713,
            1.9908747673034668,
            2.1031339168548584,
            2.1398305892944336,
            2.0219924449920654,
            2.0381808280944824,
            2.1313209533691406,
            2.1119565963745117,
            2.1517679691314697,
            2.246722459793091,
            2.1800684928894043,
            2.1885969638824463,
            2.181269407272339,
            2.305804491043091,
            2.213651180267334,
            2.309318780899048,
            2.3077898025512695,
            2.2476346492767334,
            2.2767980098724365,
            2.276512861251831,
            2.3230831623077393,
            2.277979850769043,
            2.3455262184143066,
            2.3384156227111816,
            2.390079975128174,
            2.4043080806732178,
            2.30551815032959,
            2.4566941261291504,
            2.296614170074463,
            2.4235963821411133,
            2.3355276584625244,
            2.330021858215332,
            2.323878049850464,
            2.448643922805786,
            2.4853596687316895,
            2.3259475231170654,
            2.401261329650879,
            2.424241781234741,
            2.4542829990386963,
            2.3872790336608887,
            2.415900230407715,
            2.470287561416626,
            2.490305185317993,
            2.4265475273132324,
            2.366654396057129
        ],
        "HUMIDITY": 0.0,
        "I_500V": 10.340978622436523,
        "PS_CURRENT": [
            -0.0258394293487072,
            -1.0981169939041138,
            -2.070152997970581,
            -3.0182430744171143,
            -3.9651999473571777,
            -4.908938884735107,
            -5.846151828765869,
            -6.773213863372803,
            -7.695645809173584,
            -8.61245346069336,
            -9.530384063720703,
            -10.445440292358398,
            -11.360950469970703,
            -12.276920318603516,
            -13.193079948425293,
            -14.108779907226563,
            -15.025859832763672,
            -15.942520141601563,
            -16.860820770263672,
            -17.77882957458496,
            -18.69870948791504,
            -19.62017059326172,
            -20.542739868164063,
            -21.473310470581055,
            -22.39451026916504,
            -23.320249557495117,
            -24.24492073059082,
            -25.169450759887695,
            -26.098100662231445,
            -27.025609970092773,
            -27.955379486083984,
            -28.881959915161133,
            -29.813570022583008,
            -30.743249893188477,
            -31.675689697265625,
            -32.6067008972168,
            -33.54130935668945,
            -34.475730895996094,
            -35.41127014160156,
            -36.34999084472656,
            -37.286930084228516,
            -38.22515869140625,
            -39.16769027709961,
            -40.10776901245117,
            -41.051551818847656,
            -41.99462127685547,
            -42.93695831298828,
            -43.87430953979492,
            -44.82225036621094,
            -45.76655960083008,
            -46.71556854248047,
            -47.66844940185547,
            -48.60948181152344,
            -49.559120178222656,
            -50.5118408203125,
            -51.461280822753906,
            -51.461280822753906,
            -51.461280822753906,
            -51.461280822753906
        ],
        "TEMPERATURE": 18.0,
        "VBD": 9.990000452351092e+37,
        "VOLTAGE": [
            0.030595019459724426,
            -9.959763526916504,
            -19.960590362548828,
            -29.9602108001709,
            -39.9556884765625,
            -49.95576095581055,
            -59.95539855957031,
            -69.93766021728516,
            -79.9433364868164,
            -89.95287322998047,
            -99.96013641357422,
            -109.96620178222656,
            -119.96990203857422,
            -129.9770050048828,
            -139.98390197753906,
            -149.9906005859375,
            -159.99029541015625,
            -169.98809814453125,
            -179.9871063232422,
            -189.9636993408203,
            -199.96290588378906,
            -209.9604034423828,
            -219.9593963623047,
            -229.96449279785156,
            -239.9716033935547,
            -249.97909545898438,
            -259.98699951171875,
            -269.989501953125,
            -279.9964904785156,
            -290.0039978027344,
            -300.0108947753906,
            -309.9927062988281,
            -319.9912109375,
            -329.9894104003906,
            -339.981689453125,
            -349.9811096191406,
            -359.9789123535156,
            -369.9776916503906,
            -379.9790954589844,
            -389.9873046875,
            -399.9945068359375,
            -410.00140380859375,
            -420.00360107421875,
            -429.99310302734375,
            -439.9997863769531,
            -450.0060119628906,
            -460.00738525390625,
            -470.0054016113281,
            -480.002197265625,
            -490.00030517578125,
            -499.9928894042969,
            -509.9905090332031,
            -519.9885864257813,
            -529.9849853515625,
            -539.9954223632813,
            -549.9849243164063,
            -549.9849243164063,
            -549.9849243164063,
            -549.9849243164063
        ]
    },
    "runNumber": "63-18",
    "testType": "MODULE_IV_AMAC"
}
