{
    "component": "20USBHY0000405",
    "date": "2023-10-09T09:02:32.000Z",
    "passed": true,
    "problems": false,
    "properties": {
        "DCS": {
            "ABC_temp_raw_1": 2162.0,
            "ABC_temp_raw_10": 2519.0,
            "ABC_temp_raw_2": 2311.0,
            "ABC_temp_raw_3": 2421.0,
            "ABC_temp_raw_4": 2739.0,
            "ABC_temp_raw_5": 2753.0,
            "ABC_temp_raw_6": 2510.0,
            "ABC_temp_raw_7": 2422.0,
            "ABC_temp_raw_8": 2577.0,
            "ABC_temp_raw_9": 2571.0,
            "AMAC_AM600BG": 607.87353515625,
            "AMAC_AM900BG": 899.5745239257813,
            "AMAC_AMref": 108.65372467041016,
            "AMAC_BG600": 633.323974609375,
            "AMAC_CAL": -10.767486572265625,
            "AMAC_CALx": 15.661798477172852,
            "AMAC_CALy": 12.725211143493652,
            "AMAC_CHIPGND": 0.0,
            "AMAC_CTAT": 439.50921630859375,
            "AMAC_Cur10V": 337.70751953125,
            "AMAC_Cur1V5": 842.800537109375,
            "AMAC_DCDCin": 10850.689453125,
            "AMAC_DCDCinHigh": 848.6737060546875,
            "AMAC_DCDCinLow": 872.1663818359375,
            "AMAC_DCDCoutHigh": 827.1387329101563,
            "AMAC_DCDCoutLow": 804.6248779296875,
            "AMAC_HGND": 0.0,
            "AMAC_HVret": 738.1650390625,
            "AMAC_HVret_V": 149.7659454345703,
            "AMAC_Hrefx": 4.894311904907227,
            "AMAC_Hrefy": 3.915449619293213,
            "AMAC_NTCpb": 31.045618057250977,
            "AMAC_NTCpb_V": 887.8281860351563,
            "AMAC_NTCx": 20.7442569732666,
            "AMAC_NTCx_V": 660.7321166992188,
            "AMAC_NTCy": 21.478723526000977,
            "AMAC_NTCy_V": 689.119140625,
            "AMAC_PTAT_V": 1278.394287109375,
            "AMAC_Shuntx": 125.29438781738281,
            "AMAC_Shunty": 129.2098388671875,
            "AMAC_VDCDC": 1333.2105712890625,
            "AMAC_VDDHI": 3437.7646484375,
            "AMAC_VDDLRhigh": 795.8151245117188,
            "AMAC_VDDLRlow": 794.8362426757813,
            "AMAC_VREG": 1198.1275634765625,
            "HCC_temp_raw": 375.0,
            "HCC_temp_rough_cal": 49.375
        },
        "det_info": {
            "ABC_Fuse": [
                "8941818a",
                "8941818b",
                "8945b193",
                "8945b195",
                "8945b196",
                "8945b198",
                "8945b19a",
                "8945b19b",
                "8945b19c",
                "8945b1a4"
            ],
            "Address": [
                0,
                1,
                2,
                3,
                4,
                5,
                6,
                7,
                8,
                9
            ],
            "Channel": [
                1,
                2,
                3,
                4,
                5,
                6,
                7,
                8,
                9,
                10
            ],
            "DUT_type": "20USBHY0000405",
            "HCC_Fuse": "30401061",
            "name": "SN20USBHY0000405"
        },
        "scan_info": {
            "event_count": 100
        },
        "system_info": {
            "Analysis_time": "2023-10-09T09:02:34.000Z",
            "Firmware revision": "0xb640",
            "GIT URL": "https://gitlab.cern.ch/atlas-itk-strips-daq/itsdaq-sw.git/-/tree/aaa93536d1b4f8d0e258c9c1a60e2ce28885f70b",
            "GIT branch": "",
            "GIT build date": "2023-10-09 08:26:38 +0000 (Mon, 09 Oct 2023)",
            "GIT commit date": "2023-10-06 15:07:35 +0000 (Fri, 06 Oct 2023)",
            "GIT describe": "itsdaq_23_3_2023-762-gaaa93536d",
            "GIT revision": "aaa93536d1b4f8d0e258c9c1a60e2ce28885f70b",
            "Location": "BHAM_COLDJIG",
            "User": "FU",
            "analysis_version": "3.43",
            "dedication": "New dedication as we're going for PPA",
            "host": "epldt126"
        },
        "trim_offset": 15,
        "trim_range": 6
    },
    "results": {
        "trim_away": [
            14,
            20,
            16,
            15,
            22,
            19,
            14,
            19,
            18,
            22,
            17,
            12,
            11,
            17,
            14,
            15,
            17,
            16,
            15,
            21,
            11,
            19,
            14,
            16,
            22,
            15,
            22,
            16,
            14,
            17,
            15,
            11,
            17,
            22,
            18,
            20,
            16,
            21,
            20,
            19,
            18,
            17,
            15,
            17,
            20,
            11,
            13,
            15,
            13,
            17,
            13,
            17,
            19,
            15,
            18,
            4,
            12,
            13,
            10,
            19,
            16,
            12,
            17,
            21,
            16,
            16,
            18,
            11,
            13,
            17,
            19,
            15,
            16,
            22,
            14,
            15,
            17,
            13,
            21,
            17,
            12,
            11,
            12,
            23,
            18,
            16,
            16,
            14,
            20,
            17,
            17,
            19,
            19,
            26,
            10,
            19,
            19,
            18,
            17,
            15,
            14,
            20,
            18,
            15,
            9,
            10,
            16,
            17,
            15,
            16,
            21,
            21,
            20,
            20,
            20,
            16,
            16,
            18,
            19,
            16,
            15,
            15,
            15,
            17,
            25,
            17,
            10,
            14,
            29,
            20,
            15,
            13,
            18,
            19,
            19,
            19,
            17,
            7,
            22,
            20,
            16,
            17,
            16,
            26,
            20,
            23,
            16,
            21,
            19,
            21,
            20,
            20,
            18,
            18,
            13,
            16,
            22,
            17,
            21,
            13,
            17,
            18,
            24,
            17,
            18,
            18,
            20,
            17,
            21,
            19,
            15,
            18,
            16,
            25,
            19,
            17,
            21,
            14,
            17,
            21,
            18,
            24,
            22,
            23,
            13,
            17,
            15,
            16,
            16,
            26,
            14,
            15,
            18,
            18,
            15,
            15,
            20,
            22,
            18,
            18,
            13,
            15,
            17,
            16,
            23,
            19,
            22,
            18,
            19,
            11,
            15,
            13,
            14,
            23,
            23,
            25,
            20,
            21,
            14,
            20,
            24,
            11,
            19,
            24,
            19,
            19,
            17,
            15,
            20,
            18,
            27,
            17,
            23,
            18,
            18,
            13,
            20,
            20,
            20,
            18,
            18,
            15,
            18,
            21,
            18,
            15,
            21,
            20,
            11,
            16,
            17,
            25,
            13,
            13,
            16,
            16,
            11,
            16,
            8,
            9,
            12,
            10,
            11,
            10,
            13,
            7,
            10,
            11,
            7,
            16,
            14,
            16,
            14,
            12,
            11,
            14,
            13,
            16,
            22,
            17,
            16,
            16,
            13,
            18,
            15,
            18,
            12,
            11,
            18,
            16,
            19,
            21,
            14,
            13,
            13,
            16,
            17,
            10,
            6,
            14,
            13,
            16,
            17,
            6,
            7,
            13,
            18,
            9,
            18,
            13,
            14,
            13,
            15,
            13,
            13,
            11,
            14,
            7,
            10,
            18,
            14,
            10,
            15,
            17,
            21,
            19,
            10,
            9,
            11,
            12,
            15,
            13,
            14,
            14,
            18,
            16,
            13,
            11,
            17,
            15,
            18,
            13,
            21,
            17,
            11,
            12,
            15,
            11,
            16,
            15,
            13,
            14,
            15,
            17,
            15,
            13,
            14,
            11,
            13,
            9,
            11,
            18,
            10,
            20,
            13,
            10,
            15,
            10,
            11,
            15,
            7,
            5,
            13,
            12,
            16,
            14,
            13,
            9,
            12,
            10,
            15,
            13,
            22,
            16,
            13,
            19,
            16,
            18,
            15,
            16,
            19,
            11,
            9,
            20,
            10,
            9,
            15,
            13,
            14,
            11,
            23,
            18,
            17,
            21,
            18,
            10,
            26,
            20,
            14,
            15,
            7,
            22,
            19,
            10,
            14,
            14,
            17,
            10,
            13,
            18,
            19,
            9,
            10,
            3,
            13,
            14,
            22,
            16,
            3,
            13,
            12,
            14,
            17,
            5,
            13,
            11,
            12,
            16,
            16,
            22,
            14,
            15,
            20,
            7,
            23,
            14,
            24,
            13,
            16,
            15,
            20,
            15,
            23,
            16,
            14,
            22,
            8,
            20,
            11,
            14,
            19,
            15,
            15,
            15,
            17,
            14,
            11,
            20,
            12,
            15,
            16,
            13,
            17,
            17,
            14,
            22,
            19,
            20,
            15,
            14,
            14,
            8,
            11,
            16,
            11,
            13,
            11,
            18,
            19,
            20,
            20,
            11,
            17,
            11,
            14,
            11,
            10,
            17,
            15,
            14,
            11,
            16,
            17,
            10,
            18,
            14,
            9,
            15,
            18,
            14,
            15,
            20,
            11,
            15,
            12,
            12,
            16,
            16,
            14,
            15,
            14,
            15,
            14,
            19,
            11,
            10,
            15,
            14,
            11,
            17,
            14,
            18,
            21,
            14,
            14,
            14,
            17,
            13,
            17,
            15,
            10,
            14,
            14,
            16,
            20,
            12,
            14,
            16,
            17,
            11,
            10,
            13,
            9,
            12,
            19,
            15,
            16,
            15,
            14,
            13,
            16,
            17,
            20,
            17,
            13,
            12,
            15,
            13,
            11,
            13,
            17,
            9,
            19,
            12,
            15,
            12,
            20,
            19,
            17,
            15,
            14,
            16,
            13,
            13,
            10,
            17,
            13,
            5,
            14,
            17,
            12,
            13,
            23,
            16,
            12,
            11,
            12,
            12,
            16,
            13,
            5,
            17,
            19,
            19,
            16,
            18,
            11,
            14,
            15,
            17,
            16,
            13,
            14,
            15,
            17,
            18,
            13,
            5,
            8,
            6,
            21,
            16,
            10,
            12,
            11,
            8,
            14,
            17,
            17,
            4,
            12,
            12,
            13,
            18,
            17,
            9,
            21,
            14,
            9,
            15,
            12,
            15,
            13,
            14,
            16,
            20,
            10,
            8,
            14,
            13,
            10,
            7,
            14,
            7,
            11,
            12,
            4,
            10,
            8,
            11,
            9,
            11,
            16,
            17,
            13,
            15,
            13,
            16,
            19,
            15,
            12,
            16,
            9,
            11,
            12,
            14,
            5,
            11,
            16,
            16,
            16,
            7,
            16,
            21,
            11,
            18,
            16,
            18,
            15,
            11,
            11,
            17,
            9,
            14,
            15,
            9,
            16,
            11,
            7,
            9,
            14,
            9,
            13,
            9,
            9,
            14,
            16,
            20,
            21,
            17,
            15,
            14,
            11,
            17,
            10,
            16,
            6,
            11,
            13,
            14,
            17,
            7,
            15,
            17,
            16,
            23,
            16,
            12,
            14,
            21,
            14,
            21,
            13,
            16,
            13,
            13,
            17,
            13,
            15,
            17,
            11,
            10,
            12,
            14,
            14,
            17,
            10,
            12,
            13,
            16,
            11,
            14,
            10,
            16,
            16,
            16,
            14,
            15,
            13,
            12,
            17,
            12,
            15,
            17,
            14,
            17,
            14,
            14,
            13,
            20,
            13,
            20,
            13,
            9,
            15,
            13,
            16,
            16,
            12,
            11,
            14,
            17,
            19,
            20,
            12,
            14,
            12,
            16,
            19,
            8,
            19,
            7,
            19,
            21,
            18,
            18,
            9,
            15,
            18,
            11,
            14,
            10,
            14,
            16,
            19,
            16,
            13,
            14,
            12,
            16,
            10,
            16,
            17,
            11,
            17,
            16,
            20,
            16,
            13,
            11,
            15,
            10,
            15,
            11,
            16,
            15,
            14,
            7,
            14,
            14,
            14,
            12,
            15,
            7,
            19,
            13,
            22,
            18,
            12,
            15,
            15,
            18,
            13,
            16,
            19,
            12,
            17,
            21,
            15,
            26,
            7,
            18,
            19,
            15,
            18,
            25,
            20,
            17,
            17,
            14,
            15,
            17,
            16,
            13,
            16,
            12,
            15,
            12,
            15,
            15,
            15,
            13,
            15,
            11,
            16,
            15,
            21,
            16,
            12,
            11,
            17,
            12,
            9,
            17,
            19,
            13,
            18,
            19,
            17,
            18,
            12,
            9,
            14,
            14,
            22,
            20,
            8,
            14,
            16,
            17,
            11,
            15,
            18,
            21,
            18,
            18,
            22,
            14,
            16,
            20,
            17,
            16,
            14,
            12,
            14,
            20,
            12,
            19,
            9,
            18,
            17,
            15,
            14,
            17,
            17,
            15,
            18,
            20,
            19,
            18,
            13,
            17,
            8,
            16,
            11,
            18,
            10,
            18,
            20,
            9,
            18,
            13,
            14,
            13,
            10,
            14,
            16,
            12,
            20,
            12,
            10,
            11,
            13,
            10,
            17,
            9,
            14,
            15,
            14,
            16,
            13,
            17,
            10,
            13,
            14,
            10,
            11,
            14,
            18,
            24,
            10,
            19,
            14,
            16,
            10,
            10,
            13,
            21,
            17,
            19,
            15,
            10,
            18,
            14,
            16,
            16,
            16,
            12,
            17,
            17,
            6,
            20,
            5,
            11,
            15,
            13,
            17,
            17,
            13,
            17,
            16,
            10,
            8,
            17,
            12,
            11,
            21,
            12,
            20,
            17,
            12,
            19,
            14,
            12,
            9,
            14,
            9,
            14,
            10,
            12,
            12,
            15,
            16,
            13,
            13,
            17,
            26,
            16,
            6,
            16,
            11,
            16,
            9,
            15,
            19,
            18,
            20,
            9,
            17,
            18,
            11,
            16,
            17,
            17,
            8,
            16,
            18,
            14,
            8,
            10,
            8,
            15,
            8,
            16,
            10,
            14,
            19,
            18,
            17,
            14,
            15,
            9,
            10,
            13,
            13,
            15,
            18,
            9,
            16,
            17,
            20,
            14,
            12,
            11,
            12,
            16,
            6,
            9,
            10,
            12,
            15,
            10,
            15,
            13,
            9,
            9,
            11,
            15,
            12,
            11,
            20,
            11,
            16,
            13,
            10,
            18,
            18,
            11,
            13,
            17,
            13,
            14,
            11,
            19,
            11,
            14,
            12,
            22,
            14,
            11,
            19,
            12,
            11,
            13,
            17,
            10,
            20,
            14,
            13,
            17,
            16,
            17,
            13,
            15,
            15,
            16,
            15,
            19,
            13,
            18,
            16,
            17,
            14,
            13,
            13,
            16,
            24,
            10,
            6,
            16,
            21,
            17,
            11,
            12,
            16,
            17,
            10,
            15,
            12,
            8,
            18,
            16,
            18,
            12,
            23,
            16,
            21,
            16,
            16,
            18,
            13,
            25,
            15,
            22,
            19,
            17,
            15,
            15,
            13,
            17,
            15,
            23,
            14,
            19,
            21,
            10,
            23,
            16,
            13,
            20,
            24,
            25,
            15,
            19,
            20,
            23,
            14,
            16,
            12,
            21,
            19,
            15,
            15,
            18,
            17,
            14,
            23,
            9,
            20,
            21,
            17,
            15,
            25,
            20,
            17,
            19,
            17,
            16,
            14,
            14,
            15,
            22,
            15,
            10,
            21,
            6,
            17,
            20,
            17,
            17,
            22,
            16,
            13,
            16,
            13,
            15,
            22,
            15,
            14,
            16,
            18,
            14,
            17,
            18,
            16,
            16,
            19,
            11,
            21,
            13,
            17,
            18,
            16,
            9,
            23,
            23,
            12,
            19,
            20,
            12,
            16,
            22,
            16,
            11,
            17,
            12,
            17,
            17,
            20,
            15,
            8,
            19,
            12,
            21,
            21,
            16,
            17,
            15,
            19,
            16,
            20,
            16,
            20,
            23,
            15,
            11,
            17,
            16,
            15,
            12
        ],
        "trim_under": [
            18,
            13,
            15,
            15,
            13,
            19,
            16,
            16,
            18,
            17,
            23,
            18,
            12,
            10,
            19,
            15,
            17,
            13,
            13,
            19,
            13,
            16,
            17,
            18,
            7,
            11,
            12,
            13,
            14,
            17,
            15,
            17,
            19,
            11,
            16,
            17,
            15,
            14,
            16,
            15,
            11,
            15,
            22,
            18,
            16,
            15,
            19,
            22,
            15,
            9,
            20,
            19,
            18,
            15,
            17,
            13,
            17,
            11,
            10,
            11,
            15,
            23,
            6,
            16,
            18,
            12,
            14,
            13,
            25,
            20,
            25,
            11,
            10,
            17,
            16,
            17,
            15,
            17,
            12,
            17,
            22,
            13,
            12,
            12,
            14,
            15,
            13,
            16,
            15,
            15,
            12,
            25,
            15,
            20,
            10,
            16,
            16,
            18,
            15,
            13,
            9,
            18,
            16,
            17,
            17,
            20,
            15,
            15,
            13,
            17,
            19,
            10,
            24,
            23,
            13,
            25,
            20,
            20,
            14,
            14,
            9,
            10,
            15,
            20,
            17,
            12,
            18,
            15,
            28,
            24,
            22,
            20,
            14,
            16,
            19,
            14,
            23,
            15,
            15,
            19,
            19,
            21,
            18,
            24,
            17,
            20,
            19,
            14,
            20,
            26,
            20,
            22,
            15,
            17,
            17,
            14,
            16,
            18,
            19,
            13,
            20,
            22,
            15,
            22,
            17,
            17,
            22,
            24,
            22,
            19,
            15,
            17,
            23,
            15,
            14,
            25,
            23,
            21,
            16,
            17,
            20,
            16,
            19,
            18,
            14,
            19,
            14,
            12,
            20,
            18,
            17,
            13,
            15,
            14,
            10,
            26,
            19,
            25,
            24,
            18,
            24,
            23,
            16,
            20,
            17,
            19,
            21,
            20,
            14,
            17,
            14,
            16,
            15,
            18,
            23,
            21,
            21,
            13,
            15,
            11,
            20,
            20,
            18,
            13,
            14,
            23,
            18,
            19,
            15,
            23,
            19,
            17,
            21,
            17,
            20,
            15,
            22,
            19,
            20,
            11,
            21,
            17,
            23,
            17,
            18,
            21,
            17,
            11,
            16,
            20,
            12,
            20,
            15,
            14,
            23,
            21,
            14,
            10,
            14,
            11,
            15,
            14,
            10,
            8,
            13,
            10,
            10,
            11,
            6,
            14,
            18,
            14,
            9,
            7,
            12,
            18,
            20,
            13,
            15,
            9,
            10,
            18,
            17,
            11,
            11,
            17,
            19,
            17,
            17,
            9,
            11,
            12,
            13,
            15,
            12,
            13,
            8,
            10,
            10,
            17,
            17,
            20,
            15,
            12,
            17,
            12,
            20,
            8,
            11,
            10,
            11,
            11,
            16,
            13,
            11,
            17,
            12,
            12,
            10,
            17,
            14,
            10,
            14,
            19,
            11,
            13,
            12,
            13,
            12,
            12,
            21,
            19,
            11,
            16,
            13,
            15,
            14,
            11,
            16,
            12,
            16,
            12,
            9,
            13,
            12,
            16,
            13,
            6,
            11,
            13,
            14,
            20,
            18,
            14,
            15,
            18,
            12,
            20,
            16,
            11,
            13,
            15,
            11,
            12,
            11,
            16,
            13,
            10,
            16,
            18,
            17,
            17,
            16,
            9,
            14,
            14,
            16,
            15,
            14,
            12,
            12,
            14,
            12,
            11,
            9,
            21,
            15,
            16,
            15,
            11,
            17,
            17,
            12,
            19,
            17,
            8,
            10,
            15,
            11,
            8,
            8,
            15,
            11,
            12,
            12,
            16,
            13,
            19,
            19,
            10,
            16,
            12,
            14,
            9,
            14,
            20,
            14,
            19,
            19,
            8,
            14,
            10,
            15,
            13,
            16,
            14,
            18,
            11,
            15,
            12,
            22,
            15,
            7,
            20,
            9,
            12,
            14,
            21,
            19,
            15,
            18,
            19,
            12,
            10,
            14,
            11,
            14,
            15,
            17,
            15,
            15,
            15,
            19,
            12,
            12,
            17,
            19,
            12,
            17,
            17,
            22,
            14,
            16,
            12,
            17,
            18,
            12,
            10,
            7,
            20,
            14,
            11,
            17,
            13,
            10,
            20,
            18,
            12,
            18,
            19,
            15,
            14,
            16,
            18,
            14,
            8,
            15,
            20,
            22,
            14,
            11,
            21,
            18,
            13,
            12,
            11,
            10,
            16,
            15,
            14,
            16,
            18,
            17,
            16,
            13,
            20,
            16,
            19,
            11,
            14,
            13,
            18,
            19,
            15,
            13,
            7,
            17,
            17,
            17,
            10,
            17,
            15,
            8,
            11,
            16,
            12,
            12,
            15,
            13,
            12,
            17,
            10,
            14,
            12,
            18,
            22,
            16,
            9,
            7,
            11,
            15,
            13,
            9,
            13,
            7,
            8,
            15,
            18,
            13,
            13,
            14,
            10,
            17,
            9,
            16,
            16,
            16,
            9,
            15,
            15,
            14,
            15,
            10,
            14,
            13,
            11,
            14,
            20,
            20,
            12,
            17,
            19,
            14,
            10,
            18,
            13,
            10,
            10,
            8,
            16,
            11,
            14,
            8,
            17,
            15,
            10,
            15,
            17,
            17,
            10,
            16,
            15,
            14,
            20,
            19,
            16,
            17,
            12,
            15,
            11,
            19,
            17,
            13,
            17,
            16,
            10,
            12,
            18,
            22,
            17,
            9,
            16,
            14,
            13,
            6,
            19,
            11,
            18,
            10,
            12,
            10,
            18,
            19,
            12,
            9,
            9,
            11,
            14,
            20,
            14,
            18,
            15,
            11,
            14,
            16,
            13,
            20,
            21,
            10,
            13,
            18,
            11,
            13,
            10,
            14,
            17,
            14,
            13,
            11,
            5,
            11,
            14,
            14,
            15,
            13,
            12,
            13,
            17,
            9,
            11,
            8,
            14,
            16,
            8,
            12,
            10,
            14,
            19,
            10,
            22,
            10,
            13,
            15,
            12,
            17,
            16,
            11,
            13,
            10,
            8,
            16,
            14,
            13,
            20,
            10,
            13,
            17,
            10,
            12,
            16,
            14,
            12,
            18,
            6,
            14,
            11,
            9,
            11,
            13,
            11,
            12,
            12,
            18,
            9,
            13,
            17,
            15,
            6,
            18,
            16,
            10,
            13,
            16,
            11,
            14,
            15,
            15,
            17,
            11,
            15,
            19,
            18,
            13,
            13,
            17,
            20,
            12,
            19,
            18,
            9,
            16,
            20,
            11,
            17,
            13,
            15,
            17,
            20,
            15,
            10,
            13,
            2,
            10,
            12,
            15,
            14,
            12,
            9,
            8,
            12,
            16,
            15,
            8,
            15,
            10,
            11,
            13,
            14,
            10,
            18,
            18,
            13,
            10,
            15,
            11,
            13,
            16,
            14,
            12,
            13,
            11,
            16,
            14,
            12,
            18,
            21,
            17,
            8,
            14,
            18,
            13,
            17,
            17,
            20,
            19,
            9,
            13,
            12,
            20,
            13,
            17,
            13,
            13,
            13,
            22,
            8,
            18,
            15,
            16,
            16,
            7,
            17,
            21,
            20,
            11,
            19,
            22,
            15,
            5,
            16,
            20,
            16,
            13,
            14,
            11,
            12,
            13,
            18,
            14,
            13,
            20,
            17,
            16,
            13,
            15,
            17,
            12,
            12,
            9,
            15,
            15,
            12,
            15,
            10,
            17,
            19,
            17,
            13,
            16,
            19,
            11,
            19,
            20,
            9,
            12,
            18,
            17,
            14,
            17,
            15,
            18,
            10,
            19,
            11,
            16,
            17,
            17,
            16,
            16,
            12,
            15,
            15,
            15,
            14,
            16,
            15,
            14,
            16,
            14,
            14,
            13,
            19,
            13,
            17,
            13,
            18,
            16,
            17,
            8,
            17,
            15,
            2,
            13,
            13,
            9,
            19,
            18,
            8,
            15,
            18,
            17,
            12,
            17,
            14,
            15,
            15,
            13,
            14,
            7,
            11,
            20,
            16,
            9,
            19,
            16,
            17,
            11,
            18,
            13,
            20,
            12,
            16,
            13,
            14,
            18,
            17,
            11,
            22,
            18,
            22,
            17,
            19,
            18,
            11,
            14,
            22,
            10,
            13,
            17,
            17,
            14,
            18,
            11,
            11,
            16,
            20,
            16,
            16,
            20,
            18,
            17,
            16,
            9,
            10,
            10,
            18,
            10,
            16,
            12,
            11,
            12,
            14,
            9,
            12,
            13,
            11,
            17,
            16,
            16,
            14,
            21,
            12,
            18,
            24,
            13,
            12,
            14,
            11,
            14,
            16,
            20,
            17,
            4,
            14,
            12,
            11,
            19,
            18,
            13,
            10,
            12,
            14,
            18,
            16,
            22,
            13,
            15,
            16,
            12,
            8,
            13,
            16,
            19,
            11,
            15,
            11,
            14,
            16,
            16,
            16,
            17,
            7,
            22,
            10,
            9,
            20,
            15,
            8,
            15,
            14,
            16,
            9,
            10,
            9,
            10,
            8,
            12,
            12,
            15,
            14,
            5,
            17,
            17,
            11,
            11,
            14,
            15,
            16,
            18,
            15,
            17,
            14,
            22,
            7,
            9,
            14,
            10,
            11,
            16,
            14,
            12,
            12,
            12,
            18,
            13,
            17,
            14,
            11,
            20,
            17,
            18,
            18,
            15,
            9,
            10,
            10,
            17,
            17,
            13,
            14,
            16,
            21,
            17,
            11,
            18,
            16,
            15,
            18,
            13,
            12,
            13,
            14,
            13,
            12,
            16,
            15,
            19,
            13,
            12,
            16,
            14,
            10,
            15,
            19,
            14,
            14,
            17,
            13,
            13,
            16,
            23,
            17,
            13,
            15,
            13,
            17,
            16,
            6,
            11,
            6,
            5,
            15,
            23,
            14,
            18,
            14,
            14,
            13,
            15,
            14,
            13,
            19,
            6,
            15,
            17,
            14,
            12,
            19,
            12,
            10,
            16,
            12,
            11,
            13,
            16,
            15,
            14,
            8,
            14,
            13,
            19,
            13,
            12,
            14,
            3,
            19,
            15,
            14,
            23,
            13,
            17,
            15,
            18,
            11,
            13,
            21,
            9,
            10,
            13,
            15,
            15,
            13,
            20,
            13,
            18,
            11,
            18,
            18,
            16,
            15,
            18,
            18,
            13,
            13,
            20,
            13,
            12,
            17,
            21,
            18,
            18,
            12,
            20,
            20,
            15,
            20,
            13,
            14,
            20,
            16,
            20,
            12,
            17,
            11,
            15,
            13,
            11,
            16,
            19,
            22,
            16,
            14,
            15,
            13,
            17,
            16,
            22,
            18,
            19,
            20,
            17,
            18,
            11,
            14,
            20,
            19,
            13,
            20,
            12,
            22,
            23,
            26,
            20,
            14,
            19,
            12,
            14,
            20,
            18,
            13,
            17,
            14,
            19,
            18,
            14,
            18,
            12,
            15,
            19,
            14,
            24,
            14,
            15,
            15,
            13,
            17,
            18,
            14,
            13,
            14,
            14,
            14,
            18,
            22,
            17,
            19,
            21,
            9,
            22,
            24,
            18,
            14,
            11,
            18,
            17,
            12,
            21,
            14,
            16,
            18,
            13,
            22,
            14,
            14,
            17,
            16,
            11,
            7,
            17,
            18,
            14,
            17,
            14,
            9,
            11,
            12,
            15,
            3,
            19,
            20
        ]
    },
    "runNumber": "63-2",
    "testType": "PEDESTAL_TRIM_PPA"
}
