{
    "component": "20USBHX2001092",
    "date": "2023-10-09T09:02:32.000Z",
    "passed": true,
    "problems": false,
    "properties": {
        "DCS": {
            "ABC_temp_raw_1": 2586.0,
            "ABC_temp_raw_10": 2284.0,
            "ABC_temp_raw_2": 2696.0,
            "ABC_temp_raw_3": 2585.0,
            "ABC_temp_raw_4": 2581.0,
            "ABC_temp_raw_5": 2512.0,
            "ABC_temp_raw_6": 2475.0,
            "ABC_temp_raw_7": 2506.0,
            "ABC_temp_raw_8": 2404.0,
            "ABC_temp_raw_9": 2383.0,
            "AMAC_AM600BG": 607.87353515625,
            "AMAC_AM900BG": 899.5745239257813,
            "AMAC_AMref": 108.65372467041016,
            "AMAC_BG600": 633.323974609375,
            "AMAC_CAL": -10.767486572265625,
            "AMAC_CALx": 15.661798477172852,
            "AMAC_CALy": 12.725211143493652,
            "AMAC_CHIPGND": 0.0,
            "AMAC_CTAT": 439.50921630859375,
            "AMAC_Cur10V": 337.70751953125,
            "AMAC_Cur1V5": 842.800537109375,
            "AMAC_DCDCin": 10850.689453125,
            "AMAC_DCDCinHigh": 848.6737060546875,
            "AMAC_DCDCinLow": 872.1663818359375,
            "AMAC_DCDCoutHigh": 827.1387329101563,
            "AMAC_DCDCoutLow": 804.6248779296875,
            "AMAC_HGND": 0.0,
            "AMAC_HVret": 738.1650390625,
            "AMAC_HVret_V": 149.7659454345703,
            "AMAC_Hrefx": 4.894311904907227,
            "AMAC_Hrefy": 3.915449619293213,
            "AMAC_NTCpb": 31.045618057250977,
            "AMAC_NTCpb_V": 887.8281860351563,
            "AMAC_NTCx": 20.7442569732666,
            "AMAC_NTCx_V": 660.7321166992188,
            "AMAC_NTCy": 21.478723526000977,
            "AMAC_NTCy_V": 689.119140625,
            "AMAC_PTAT_V": 1278.394287109375,
            "AMAC_Shuntx": 125.29438781738281,
            "AMAC_Shunty": 129.2098388671875,
            "AMAC_VDCDC": 1333.2105712890625,
            "AMAC_VDDHI": 3437.7646484375,
            "AMAC_VDDLRhigh": 795.8151245117188,
            "AMAC_VDDLRlow": 794.8362426757813,
            "AMAC_VREG": 1198.1275634765625,
            "HCC_temp_raw": 352.0,
            "HCC_temp_rough_cal": 64.07200622558594,
            "Module 0_HV_current": -32600.869140625,
            "Module 0_HV_voltage": -349981.90625
        },
        "det_info": {
            "ABC_Fuse": [
                "8945b15d",
                "8945b15e",
                "8945b15f",
                "8945b160",
                "8945b161",
                "8945b162",
                "8945b163",
                "8945b164",
                "8945b165",
                "8945b166"
            ],
            "Address": [
                0,
                1,
                2,
                3,
                4,
                5,
                6,
                7,
                8,
                9
            ],
            "Channel": [
                1,
                2,
                3,
                4,
                5,
                6,
                7,
                8,
                9,
                10
            ],
            "DUT_type": "20USBHX2001092",
            "HCC_Fuse": "2040105c",
            "Module 0_HV_model": "k2410",
            "name": "SN20USBHX2001092"
        },
        "scan_info": {
            "event_count": 100
        },
        "system_info": {
            "Analysis_time": "2023-10-09T09:02:33.000Z",
            "Firmware revision": "0xb640",
            "GIT URL": "https://gitlab.cern.ch/atlas-itk-strips-daq/itsdaq-sw.git/-/tree/aaa93536d1b4f8d0e258c9c1a60e2ce28885f70b",
            "GIT branch": "",
            "GIT build date": "2023-10-09 08:26:38 +0000 (Mon, 09 Oct 2023)",
            "GIT commit date": "2023-10-06 15:07:35 +0000 (Fri, 06 Oct 2023)",
            "GIT describe": "itsdaq_23_3_2023-762-gaaa93536d",
            "GIT revision": "aaa93536d1b4f8d0e258c9c1a60e2ce28885f70b",
            "Location": "BHAM_COLDJIG",
            "User": "FU",
            "analysis_version": "3.43",
            "dedication": "New dedication as we're going for PPA",
            "host": "epldt126"
        },
        "trim_offset": 15,
        "trim_range": 6
    },
    "results": {
        "trim_away": [
            18,
            16,
            19,
            17,
            13,
            14,
            14,
            14,
            11,
            17,
            14,
            16,
            15,
            18,
            21,
            21,
            15,
            17,
            18,
            10,
            14,
            17,
            16,
            20,
            16,
            18,
            13,
            14,
            14,
            12,
            11,
            14,
            15,
            14,
            19,
            18,
            20,
            13,
            19,
            14,
            17,
            17,
            20,
            11,
            12,
            13,
            20,
            14,
            10,
            13,
            14,
            10,
            19,
            13,
            24,
            17,
            15,
            13,
            14,
            16,
            22,
            11,
            21,
            15,
            13,
            14,
            15,
            12,
            12,
            16,
            15,
            16,
            17,
            11,
            16,
            12,
            15,
            19,
            19,
            14,
            10,
            14,
            15,
            16,
            22,
            17,
            17,
            15,
            16,
            21,
            20,
            17,
            17,
            11,
            15,
            15,
            9,
            15,
            21,
            20,
            16,
            11,
            15,
            9,
            15,
            19,
            14,
            8,
            12,
            12,
            15,
            11,
            23,
            18,
            14,
            13,
            16,
            9,
            21,
            13,
            23,
            15,
            15,
            14,
            6,
            24,
            22,
            23,
            23,
            19,
            18,
            14,
            21,
            22,
            22,
            19,
            14,
            15,
            18,
            20,
            21,
            18,
            12,
            16,
            13,
            15,
            11,
            15,
            17,
            12,
            15,
            17,
            17,
            11,
            14,
            19,
            10,
            13,
            11,
            14,
            22,
            14,
            17,
            12,
            12,
            19,
            17,
            20,
            17,
            24,
            16,
            15,
            16,
            12,
            15,
            14,
            15,
            15,
            19,
            7,
            16,
            17,
            11,
            14,
            13,
            16,
            20,
            20,
            18,
            15,
            8,
            17,
            20,
            22,
            19,
            10,
            20,
            15,
            14,
            15,
            14,
            11,
            9,
            14,
            17,
            19,
            19,
            14,
            18,
            23,
            18,
            12,
            18,
            12,
            9,
            12,
            14,
            13,
            22,
            7,
            17,
            18,
            10,
            12,
            14,
            19,
            18,
            18,
            19,
            15,
            22,
            17,
            12,
            18,
            16,
            10,
            10,
            16,
            25,
            18,
            17,
            15,
            20,
            14,
            19,
            20,
            23,
            13,
            17,
            14,
            17,
            16,
            12,
            16,
            16,
            14,
            9,
            11,
            14,
            15,
            9,
            17,
            14,
            17,
            18,
            18,
            22,
            17,
            14,
            16,
            20,
            21,
            10,
            10,
            15,
            14,
            20,
            17,
            13,
            8,
            14,
            14,
            16,
            11,
            18,
            12,
            9,
            14,
            13,
            20,
            17,
            11,
            19,
            13,
            14,
            16,
            17,
            11,
            21,
            22,
            14,
            14,
            17,
            19,
            22,
            18,
            14,
            16,
            11,
            22,
            15,
            14,
            18,
            12,
            18,
            15,
            9,
            13,
            19,
            11,
            13,
            15,
            14,
            12,
            15,
            17,
            17,
            18,
            14,
            22,
            14,
            15,
            13,
            14,
            11,
            13,
            12,
            15,
            18,
            20,
            16,
            14,
            12,
            9,
            20,
            12,
            12,
            18,
            8,
            16,
            11,
            19,
            17,
            1,
            13,
            11,
            13,
            15,
            13,
            16,
            10,
            14,
            11,
            16,
            15,
            12,
            15,
            12,
            14,
            11,
            18,
            16,
            18,
            13,
            14,
            16,
            12,
            19,
            10,
            14,
            12,
            7,
            4,
            9,
            9,
            18,
            23,
            7,
            13,
            10,
            11,
            14,
            17,
            17,
            15,
            13,
            15,
            17,
            19,
            24,
            19,
            10,
            14,
            16,
            18,
            12,
            22,
            17,
            15,
            15,
            17,
            19,
            20,
            12,
            12,
            18,
            19,
            17,
            10,
            16,
            17,
            14,
            15,
            16,
            12,
            17,
            14,
            12,
            21,
            19,
            11,
            13,
            15,
            20,
            13,
            17,
            18,
            12,
            12,
            11,
            16,
            12,
            21,
            13,
            15,
            14,
            10,
            18,
            12,
            13,
            9,
            19,
            17,
            24,
            3,
            21,
            9,
            20,
            18,
            12,
            11,
            15,
            15,
            13,
            13,
            14,
            13,
            13,
            22,
            12,
            12,
            13,
            14,
            20,
            17,
            11,
            14,
            18,
            12,
            16,
            17,
            13,
            8,
            23,
            11,
            12,
            12,
            12,
            8,
            16,
            16,
            21,
            18,
            19,
            16,
            18,
            10,
            14,
            17,
            14,
            10,
            13,
            8,
            7,
            8,
            18,
            10,
            15,
            16,
            17,
            14,
            19,
            16,
            17,
            12,
            18,
            19,
            17,
            13,
            8,
            15,
            16,
            16,
            5,
            18,
            16,
            15,
            12,
            19,
            18,
            16,
            24,
            15,
            15,
            16,
            14,
            11,
            12,
            17,
            15,
            17,
            18,
            15,
            10,
            19,
            19,
            17,
            12,
            16,
            11,
            18,
            15,
            17,
            15,
            16,
            16,
            13,
            16,
            12,
            18,
            13,
            16,
            18,
            13,
            10,
            16,
            19,
            11,
            14,
            10,
            16,
            19,
            10,
            14,
            13,
            11,
            13,
            16,
            23,
            11,
            13,
            14,
            15,
            16,
            16,
            19,
            17,
            11,
            13,
            23,
            17,
            17,
            20,
            5,
            13,
            19,
            8,
            20,
            15,
            15,
            20,
            23,
            15,
            15,
            22,
            13,
            17,
            20,
            13,
            9,
            17,
            18,
            15,
            25,
            15,
            6,
            17,
            16,
            13,
            13,
            16,
            15,
            16,
            15,
            10,
            11,
            19,
            14,
            17,
            11,
            19,
            21,
            16,
            11,
            15,
            12,
            15,
            13,
            9,
            14,
            15,
            19,
            13,
            8,
            14,
            12,
            7,
            19,
            8,
            19,
            9,
            8,
            12,
            12,
            13,
            13,
            9,
            4,
            9,
            19,
            11,
            15,
            8,
            14,
            17,
            17,
            17,
            8,
            19,
            13,
            8,
            11,
            15,
            14,
            17,
            11,
            5,
            15,
            12,
            11,
            11,
            17,
            13,
            13,
            12,
            13,
            10,
            12,
            13,
            11,
            8,
            8,
            22,
            12,
            5,
            12,
            11,
            21,
            7,
            17,
            11,
            17,
            16,
            11,
            10,
            14,
            20,
            13,
            11,
            17,
            17,
            16,
            13,
            14,
            13,
            12,
            16,
            16,
            19,
            11,
            10,
            15,
            15,
            15,
            15,
            13,
            13,
            16,
            9,
            12,
            16,
            12,
            11,
            15,
            10,
            6,
            7,
            10,
            9,
            16,
            17,
            13,
            13,
            12,
            15,
            16,
            14,
            7,
            12,
            14,
            5,
            14,
            11,
            17,
            19,
            8,
            15,
            17,
            13,
            11,
            8,
            16,
            14,
            12,
            10,
            7,
            8,
            17,
            15,
            20,
            13,
            13,
            14,
            12,
            13,
            15,
            12,
            11,
            12,
            14,
            8,
            18,
            17,
            15,
            11,
            10,
            13,
            14,
            20,
            17,
            16,
            15,
            13,
            16,
            19,
            13,
            14,
            13,
            13,
            12,
            14,
            18,
            18,
            12,
            17,
            17,
            9,
            22,
            10,
            20,
            12,
            15,
            12,
            21,
            19,
            13,
            14,
            14,
            16,
            16,
            15,
            12,
            14,
            13,
            17,
            11,
            20,
            13,
            16,
            20,
            15,
            8,
            21,
            14,
            18,
            12,
            6,
            14,
            17,
            16,
            17,
            11,
            18,
            10,
            6,
            13,
            18,
            17,
            14,
            13,
            16,
            14,
            11,
            17,
            15,
            15,
            19,
            18,
            17,
            15,
            14,
            17,
            14,
            19,
            17,
            20,
            11,
            20,
            19,
            22,
            19,
            17,
            12,
            11,
            12,
            18,
            14,
            15,
            18,
            18,
            9,
            13,
            19,
            17,
            18,
            21,
            16,
            15,
            20,
            11,
            12,
            11,
            19,
            7,
            11,
            11,
            15,
            13,
            14,
            11,
            12,
            20,
            20,
            14,
            10,
            19,
            17,
            15,
            8,
            22,
            13,
            14,
            8,
            15,
            7,
            13,
            14,
            13,
            11,
            12,
            14,
            12,
            14,
            22,
            11,
            18,
            19,
            13,
            8,
            14,
            20,
            17,
            10,
            13,
            13,
            10,
            17,
            6,
            17,
            14,
            14,
            8,
            9,
            19,
            9,
            14,
            14,
            9,
            17,
            16,
            13,
            12,
            17,
            17,
            16,
            17,
            14,
            11,
            8,
            9,
            14,
            14,
            15,
            18,
            12,
            17,
            14,
            15,
            17,
            12,
            15,
            13,
            14,
            14,
            12,
            9,
            13,
            13,
            12,
            11,
            17,
            15,
            14,
            17,
            17,
            10,
            16,
            12,
            12,
            11,
            8,
            14,
            16,
            9,
            8,
            16,
            13,
            10,
            17,
            12,
            9,
            9,
            13,
            8,
            10,
            8,
            16,
            19,
            16,
            8,
            15,
            16,
            17,
            10,
            13,
            19,
            15,
            14,
            5,
            6,
            10,
            11,
            11,
            17,
            21,
            8,
            11,
            10,
            15,
            19,
            11,
            15,
            6,
            15,
            10,
            13,
            14,
            17,
            9,
            12,
            15,
            13,
            13,
            13,
            14,
            12,
            15,
            9,
            17,
            19,
            13,
            10,
            7,
            9,
            13,
            20,
            11,
            7,
            14,
            15,
            11,
            15,
            14,
            14,
            12,
            14,
            9,
            14,
            14,
            15,
            11,
            20,
            8,
            9,
            11,
            20,
            7,
            13,
            9,
            15,
            9,
            14,
            9,
            14,
            8,
            10,
            10,
            8,
            16,
            19,
            15,
            16,
            24,
            13,
            16,
            15,
            15,
            21,
            21,
            16,
            5,
            12,
            15,
            13,
            17,
            9,
            16,
            14,
            10,
            18,
            12,
            13,
            11,
            17,
            12,
            18,
            12,
            14,
            13,
            19,
            10,
            14,
            17,
            15,
            10,
            14,
            13,
            16,
            10,
            14,
            18,
            16,
            11,
            14,
            19,
            7,
            17,
            16,
            14,
            12,
            12,
            11,
            19,
            13,
            14,
            17,
            17,
            11,
            11,
            12,
            9,
            14,
            11,
            11,
            11,
            18,
            21,
            15,
            15,
            12,
            5,
            8,
            13,
            17,
            21,
            14,
            17,
            11,
            19,
            10,
            18,
            20,
            13,
            11,
            12,
            9,
            9,
            14,
            17,
            13,
            17,
            13,
            14,
            16,
            15,
            14,
            14,
            9,
            8,
            13,
            6,
            10,
            20,
            16,
            14,
            13,
            17,
            15,
            16,
            8,
            15,
            12,
            19,
            10,
            13,
            11,
            18,
            11,
            15,
            12,
            9,
            11,
            16,
            12,
            6,
            13,
            10,
            19,
            5,
            13,
            11,
            14,
            17,
            12,
            20,
            17,
            18,
            22,
            16,
            14,
            15,
            9,
            22,
            14,
            13,
            21,
            21,
            18,
            18,
            16,
            16,
            18,
            10,
            14,
            17,
            21,
            17,
            16,
            11,
            14,
            15,
            13,
            11,
            11,
            9,
            9,
            13,
            10,
            10,
            16,
            15,
            13,
            15,
            18,
            18,
            18,
            14,
            20,
            16,
            22,
            15,
            13,
            15,
            12,
            15,
            10,
            14,
            15,
            13,
            11
        ],
        "trim_under": [
            12,
            14,
            21,
            12,
            13,
            14,
            12,
            19,
            15,
            10,
            19,
            18,
            16,
            15,
            13,
            10,
            18,
            14,
            18,
            12,
            14,
            15,
            10,
            13,
            6,
            15,
            16,
            14,
            24,
            9,
            17,
            17,
            16,
            19,
            19,
            15,
            20,
            13,
            16,
            14,
            20,
            12,
            15,
            18,
            8,
            13,
            17,
            13,
            20,
            16,
            14,
            14,
            17,
            18,
            12,
            14,
            15,
            16,
            14,
            11,
            13,
            14,
            11,
            14,
            12,
            12,
            17,
            12,
            12,
            20,
            15,
            14,
            14,
            14,
            18,
            17,
            15,
            14,
            13,
            13,
            13,
            10,
            16,
            23,
            16,
            20,
            19,
            15,
            12,
            13,
            21,
            12,
            24,
            15,
            17,
            9,
            14,
            13,
            12,
            14,
            19,
            16,
            11,
            13,
            16,
            12,
            17,
            19,
            15,
            20,
            20,
            21,
            21,
            14,
            18,
            13,
            14,
            16,
            18,
            24,
            17,
            16,
            13,
            12,
            13,
            12,
            10,
            18,
            16,
            16,
            23,
            17,
            17,
            19,
            22,
            25,
            19,
            17,
            10,
            15,
            15,
            17,
            14,
            13,
            16,
            14,
            10,
            8,
            15,
            17,
            16,
            24,
            16,
            17,
            13,
            17,
            19,
            16,
            12,
            18,
            17,
            15,
            18,
            21,
            14,
            19,
            16,
            17,
            15,
            8,
            23,
            15,
            19,
            11,
            22,
            12,
            17,
            13,
            19,
            12,
            15,
            12,
            15,
            10,
            23,
            16,
            22,
            10,
            19,
            14,
            21,
            14,
            17,
            19,
            7,
            9,
            15,
            20,
            18,
            13,
            13,
            6,
            21,
            13,
            10,
            16,
            20,
            15,
            12,
            21,
            16,
            20,
            12,
            15,
            15,
            18,
            17,
            11,
            20,
            17,
            10,
            18,
            13,
            16,
            16,
            17,
            16,
            12,
            20,
            21,
            10,
            13,
            14,
            16,
            20,
            19,
            19,
            15,
            12,
            16,
            15,
            16,
            11,
            13,
            17,
            19,
            17,
            14,
            18,
            16,
            18,
            14,
            15,
            21,
            14,
            15,
            12,
            8,
            15,
            11,
            19,
            12,
            15,
            14,
            10,
            15,
            16,
            13,
            14,
            14,
            16,
            15,
            14,
            10,
            10,
            9,
            16,
            10,
            13,
            8,
            20,
            14,
            12,
            20,
            13,
            17,
            24,
            14,
            18,
            7,
            8,
            16,
            15,
            18,
            18,
            15,
            19,
            14,
            14,
            13,
            15,
            12,
            4,
            21,
            17,
            20,
            15,
            9,
            12,
            17,
            11,
            13,
            12,
            22,
            17,
            19,
            6,
            13,
            18,
            17,
            15,
            13,
            8,
            17,
            13,
            12,
            11,
            15,
            14,
            16,
            18,
            17,
            19,
            6,
            14,
            14,
            11,
            20,
            15,
            13,
            13,
            5,
            13,
            19,
            9,
            16,
            19,
            17,
            16,
            12,
            11,
            11,
            14,
            19,
            18,
            14,
            11,
            12,
            17,
            13,
            11,
            22,
            10,
            16,
            14,
            17,
            14,
            19,
            14,
            18,
            22,
            12,
            10,
            15,
            18,
            17,
            10,
            10,
            15,
            13,
            12,
            16,
            10,
            14,
            17,
            9,
            19,
            10,
            13,
            12,
            15,
            10,
            14,
            18,
            18,
            19,
            20,
            14,
            14,
            19,
            10,
            15,
            19,
            17,
            12,
            17,
            17,
            17,
            16,
            16,
            19,
            19,
            9,
            11,
            10,
            18,
            20,
            12,
            19,
            18,
            12,
            17,
            11,
            16,
            11,
            23,
            20,
            12,
            21,
            8,
            13,
            11,
            14,
            17,
            12,
            17,
            13,
            13,
            11,
            16,
            14,
            9,
            16,
            9,
            5,
            16,
            11,
            14,
            12,
            14,
            14,
            19,
            15,
            12,
            15,
            16,
            16,
            13,
            17,
            13,
            14,
            16,
            13,
            20,
            10,
            12,
            18,
            10,
            12,
            12,
            19,
            17,
            16,
            11,
            14,
            16,
            3,
            12,
            18,
            15,
            8,
            23,
            17,
            18,
            18,
            18,
            20,
            12,
            13,
            14,
            12,
            15,
            13,
            17,
            10,
            17,
            17,
            22,
            15,
            15,
            14,
            14,
            11,
            20,
            8,
            18,
            20,
            15,
            24,
            19,
            15,
            19,
            15,
            11,
            20,
            8,
            11,
            14,
            17,
            21,
            9,
            10,
            10,
            13,
            14,
            19,
            13,
            11,
            16,
            15,
            18,
            15,
            14,
            18,
            15,
            16,
            15,
            17,
            16,
            13,
            21,
            19,
            16,
            16,
            13,
            15,
            13,
            15,
            10,
            15,
            23,
            15,
            11,
            16,
            12,
            17,
            10,
            18,
            16,
            15,
            15,
            16,
            11,
            15,
            17,
            16,
            9,
            12,
            14,
            19,
            10,
            13,
            11,
            17,
            17,
            8,
            20,
            17,
            11,
            14,
            13,
            10,
            14,
            13,
            13,
            18,
            16,
            15,
            15,
            20,
            21,
            7,
            19,
            15,
            14,
            15,
            14,
            17,
            9,
            17,
            9,
            10,
            14,
            16,
            15,
            9,
            13,
            19,
            13,
            13,
            12,
            19,
            13,
            12,
            12,
            17,
            17,
            15,
            19,
            14,
            7,
            17,
            20,
            8,
            18,
            13,
            17,
            14,
            11,
            13,
            17,
            12,
            17,
            11,
            14,
            12,
            12,
            23,
            13,
            16,
            15,
            11,
            13,
            12,
            15,
            12,
            9,
            20,
            14,
            17,
            15,
            7,
            12,
            7,
            12,
            12,
            13,
            14,
            16,
            14,
            15,
            14,
            6,
            16,
            8,
            12,
            10,
            13,
            12,
            7,
            11,
            12,
            10,
            13,
            15,
            11,
            12,
            10,
            12,
            10,
            9,
            9,
            11,
            15,
            16,
            8,
            15,
            8,
            17,
            4,
            11,
            11,
            10,
            13,
            12,
            12,
            11,
            19,
            10,
            2,
            9,
            16,
            18,
            15,
            11,
            12,
            6,
            16,
            10,
            14,
            12,
            14,
            13,
            15,
            17,
            12,
            11,
            17,
            18,
            18,
            15,
            18,
            14,
            6,
            8,
            16,
            11,
            16,
            12,
            17,
            14,
            15,
            14,
            11,
            8,
            15,
            13,
            3,
            12,
            14,
            14,
            5,
            10,
            14,
            4,
            13,
            11,
            7,
            13,
            14,
            9,
            16,
            11,
            12,
            15,
            14,
            15,
            16,
            19,
            7,
            12,
            15,
            10,
            15,
            17,
            11,
            9,
            10,
            11,
            5,
            13,
            21,
            12,
            26,
            20,
            8,
            16,
            16,
            15,
            15,
            12,
            16,
            14,
            14,
            12,
            10,
            15,
            24,
            14,
            15,
            10,
            10,
            21,
            21,
            12,
            19,
            12,
            15,
            15,
            12,
            19,
            11,
            21,
            12,
            16,
            15,
            14,
            22,
            16,
            12,
            12,
            21,
            21,
            11,
            16,
            14,
            20,
            11,
            12,
            13,
            15,
            16,
            17,
            14,
            11,
            12,
            19,
            13,
            14,
            19,
            19,
            11,
            12,
            14,
            11,
            14,
            11,
            16,
            12,
            16,
            21,
            12,
            3,
            16,
            12,
            8,
            19,
            14,
            6,
            17,
            7,
            10,
            16,
            12,
            20,
            18,
            17,
            9,
            17,
            13,
            13,
            12,
            15,
            16,
            17,
            13,
            11,
            16,
            8,
            16,
            10,
            19,
            16,
            9,
            10,
            9,
            10,
            14,
            14,
            8,
            10,
            20,
            10,
            18,
            12,
            17,
            10,
            12,
            21,
            16,
            16,
            12,
            7,
            17,
            10,
            4,
            12,
            10,
            17,
            13,
            15,
            14,
            20,
            12,
            16,
            10,
            13,
            18,
            16,
            11,
            17,
            10,
            20,
            17,
            16,
            20,
            16,
            9,
            15,
            8,
            10,
            19,
            14,
            15,
            9,
            12,
            15,
            14,
            7,
            21,
            15,
            15,
            14,
            11,
            11,
            16,
            12,
            7,
            13,
            13,
            11,
            19,
            12,
            9,
            16,
            13,
            15,
            1,
            8,
            15,
            9,
            14,
            18,
            9,
            7,
            12,
            17,
            13,
            13,
            14,
            20,
            11,
            15,
            15,
            16,
            9,
            13,
            11,
            7,
            11,
            12,
            12,
            16,
            17,
            7,
            14,
            14,
            11,
            15,
            4,
            6,
            13,
            18,
            16,
            11,
            10,
            20,
            13,
            14,
            15,
            14,
            9,
            15,
            12,
            12,
            12,
            15,
            18,
            9,
            12,
            13,
            9,
            3,
            15,
            15,
            8,
            7,
            10,
            9,
            9,
            14,
            17,
            14,
            20,
            16,
            12,
            12,
            16,
            11,
            9,
            11,
            19,
            12,
            10,
            19,
            13,
            7,
            13,
            13,
            14,
            15,
            13,
            12,
            12,
            11,
            12,
            15,
            14,
            14,
            11,
            18,
            12,
            18,
            16,
            10,
            20,
            12,
            16,
            9,
            17,
            12,
            9,
            14,
            15,
            1,
            19,
            15,
            9,
            16,
            10,
            6,
            12,
            13,
            12,
            12,
            18,
            6,
            10,
            14,
            10,
            13,
            13,
            12,
            12,
            18,
            9,
            20,
            12,
            13,
            7,
            10,
            17,
            12,
            12,
            5,
            14,
            11,
            16,
            16,
            12,
            8,
            12,
            11,
            11,
            15,
            15,
            18,
            11,
            13,
            4,
            14,
            13,
            19,
            13,
            13,
            16,
            18,
            7,
            14,
            14,
            11,
            10,
            16,
            11,
            12,
            18,
            14,
            12,
            15,
            15,
            8,
            9,
            13,
            14,
            9,
            13,
            12,
            19,
            8,
            16,
            16,
            8,
            13,
            10,
            17,
            15,
            19,
            19,
            9,
            18,
            12,
            20,
            12,
            17,
            15,
            19,
            11,
            14,
            7,
            10,
            8,
            13,
            17,
            16,
            18,
            13,
            11,
            15,
            13,
            17,
            20,
            14,
            10,
            9,
            10,
            17,
            11,
            15,
            8,
            17,
            16,
            12,
            13,
            8,
            10,
            10,
            13,
            16,
            16,
            16,
            14,
            19,
            11,
            8,
            16,
            15,
            19,
            16,
            8,
            12,
            14,
            13,
            12,
            12,
            16,
            14,
            20,
            16,
            10,
            13,
            15,
            15,
            14,
            9,
            10,
            14,
            6,
            13,
            11,
            16,
            14,
            10,
            14,
            23,
            18,
            7,
            15,
            12,
            13,
            14,
            17,
            20,
            8,
            16,
            13,
            13,
            17,
            21,
            16,
            21,
            5,
            18,
            15,
            16,
            18,
            16,
            14,
            11,
            13,
            13,
            16,
            10,
            16,
            14,
            16,
            14,
            12,
            13,
            16,
            11,
            11,
            20,
            8,
            10,
            13,
            6,
            15,
            19,
            17,
            7,
            16,
            10,
            13,
            14,
            8,
            13,
            19,
            12,
            14,
            12,
            10,
            13,
            9,
            15,
            14,
            14,
            11,
            9,
            17,
            15
        ]
    },
    "runNumber": "63-2",
    "testType": "PEDESTAL_TRIM_PPA"
}
