{
    "comments": [
        "FAIL due to 2560 bad strips (more than 15)",
        "FAIL due to 1280 consecutive bad strips (more than 8)",
        "No trim data found"
    ],
    "component": "20USBHX2001092",
    "date": "2023-10-09T09:12:35.000Z",
    "defects": [
        {
            "description": "High Noise occupancy > 0.000500",
            "name": "NO_HI",
            "properties": {
                "chip_bank": "under",
                "chip_in_histo": 0
            }
        },
        {
            "description": "High Noise occupancy > 0.000500",
            "name": "NO_HI",
            "properties": {
                "chip_bank": "under",
                "chip_in_histo": 1
            }
        },
        {
            "description": "High Noise occupancy > 0.000500",
            "name": "NO_HI",
            "properties": {
                "chip_bank": "under",
                "chip_in_histo": 2
            }
        },
        {
            "description": "High Noise occupancy > 0.000500",
            "name": "NO_HI",
            "properties": {
                "chip_bank": "under",
                "chip_in_histo": 3
            }
        },
        {
            "description": "High Noise occupancy > 0.000500",
            "name": "NO_HI",
            "properties": {
                "chip_bank": "under",
                "chip_in_histo": 4
            }
        },
        {
            "description": "High Noise occupancy > 0.000500",
            "name": "NO_HI",
            "properties": {
                "chip_bank": "under",
                "chip_in_histo": 5
            }
        },
        {
            "description": "High Noise occupancy > 0.000500",
            "name": "NO_HI",
            "properties": {
                "chip_bank": "under",
                "chip_in_histo": 6
            }
        },
        {
            "description": "High Noise occupancy > 0.000500",
            "name": "NO_HI",
            "properties": {
                "chip_bank": "under",
                "chip_in_histo": 7
            }
        },
        {
            "description": "High Noise occupancy > 0.000500",
            "name": "NO_HI",
            "properties": {
                "chip_bank": "under",
                "chip_in_histo": 8
            }
        },
        {
            "description": "High Noise occupancy > 0.000500",
            "name": "NO_HI",
            "properties": {
                "chip_bank": "under",
                "chip_in_histo": 9
            }
        },
        {
            "description": "High Noise occupancy > 0.000500",
            "name": "NO_HI",
            "properties": {
                "chip_bank": "away",
                "chip_in_histo": 0
            }
        },
        {
            "description": "High Noise occupancy > 0.000500",
            "name": "NO_HI",
            "properties": {
                "chip_bank": "away",
                "chip_in_histo": 1
            }
        },
        {
            "description": "High Noise occupancy > 0.000500",
            "name": "NO_HI",
            "properties": {
                "chip_bank": "away",
                "chip_in_histo": 2
            }
        },
        {
            "description": "High Noise occupancy > 0.000500",
            "name": "NO_HI",
            "properties": {
                "chip_bank": "away",
                "chip_in_histo": 3
            }
        },
        {
            "description": "High Noise occupancy > 0.000500",
            "name": "NO_HI",
            "properties": {
                "chip_bank": "away",
                "chip_in_histo": 4
            }
        },
        {
            "description": "High Noise occupancy > 0.000500",
            "name": "NO_HI",
            "properties": {
                "chip_bank": "away",
                "chip_in_histo": 5
            }
        },
        {
            "description": "High Noise occupancy > 0.000500",
            "name": "NO_HI",
            "properties": {
                "chip_bank": "away",
                "chip_in_histo": 6
            }
        },
        {
            "description": "High Noise occupancy > 0.000500",
            "name": "NO_HI",
            "properties": {
                "chip_bank": "away",
                "chip_in_histo": 7
            }
        },
        {
            "description": "High Noise occupancy > 0.000500",
            "name": "NO_HI",
            "properties": {
                "chip_bank": "away",
                "chip_in_histo": 8
            }
        },
        {
            "description": "High Noise occupancy > 0.000500",
            "name": "NO_HI",
            "properties": {
                "chip_bank": "away",
                "chip_in_histo": 9
            }
        }
    ],
    "passed": false,
    "problems": false,
    "properties": {
        "DCS": {
            "ABC_temp_raw_1": 2580.0,
            "ABC_temp_raw_10": 2284.0,
            "ABC_temp_raw_2": 2691.0,
            "ABC_temp_raw_3": 2580.0,
            "ABC_temp_raw_4": 2579.0,
            "ABC_temp_raw_5": 2512.0,
            "ABC_temp_raw_6": 2472.0,
            "ABC_temp_raw_7": 2502.0,
            "ABC_temp_raw_8": 2399.0,
            "ABC_temp_raw_9": 2381.0,
            "AMAC_AM600BG": 607.87353515625,
            "AMAC_AM900BG": 900.5534057617188,
            "AMAC_AMref": 108.65372467041016,
            "AMAC_BG600": 633.323974609375,
            "AMAC_CAL": -10.767486572265625,
            "AMAC_CALx": 15.661798477172852,
            "AMAC_CALy": 12.725211143493652,
            "AMAC_CHIPGND": 0.0,
            "AMAC_CTAT": 440.4880676269531,
            "AMAC_Cur10V": 332.813232421875,
            "AMAC_Cur1V5": 837.9061889648438,
            "AMAC_DCDCin": 10850.689453125,
            "AMAC_DCDCinHigh": 847.69482421875,
            "AMAC_DCDCinLow": 872.1663818359375,
            "AMAC_DCDCoutHigh": 826.1598510742188,
            "AMAC_DCDCoutLow": 802.6671752929688,
            "AMAC_HGND": 0.0,
            "AMAC_HVret": 798.3650512695313,
            "AMAC_HVret_V": 113.54804229736328,
            "AMAC_Hrefx": 4.894311904907227,
            "AMAC_Hrefy": 3.915449619293213,
            "AMAC_NTCpb": 31.43621253967285,
            "AMAC_NTCpb_V": 896.637939453125,
            "AMAC_NTCx": 20.869226455688477,
            "AMAC_NTCx_V": 662.6898193359375,
            "AMAC_NTCy": 21.779016494750977,
            "AMAC_NTCy_V": 692.0557250976563,
            "AMAC_PTAT_V": 1282.3096923828125,
            "AMAC_Shuntx": 125.29438781738281,
            "AMAC_Shunty": 129.2098388671875,
            "AMAC_VDCDC": 1333.2105712890625,
            "AMAC_VDDHI": 3437.7646484375,
            "AMAC_VDDLRhigh": 795.8151245117188,
            "AMAC_VDDLRlow": 795.8151245117188,
            "AMAC_VREG": 1198.1275634765625,
            "HCC_temp_raw": 352.0,
            "HCC_temp_rough_cal": 64.07200622558594,
            "Module 0_HV_current": -32618.140625,
            "Module 0_HV_voltage": -349980.71875
        },
        "det_info": {
            "ABC_Fuse": [
                "8945b15d",
                "8945b15e",
                "8945b15f",
                "8945b160",
                "8945b161",
                "8945b162",
                "8945b163",
                "8945b164",
                "8945b165",
                "8945b166"
            ],
            "Address": [
                0,
                1,
                2,
                3,
                4,
                5,
                6,
                7,
                8,
                9
            ],
            "Channel": [
                1,
                2,
                3,
                4,
                5,
                6,
                7,
                8,
                9,
                10
            ],
            "DUT_type": "20USBHX2001092",
            "HCC_Fuse": "2040105c",
            "Module 0_HV_model": "k2410",
            "name": "SN20USBHX2001092"
        },
        "scan_info": {
            "event_count": [
                248,
                248,
                248,
                248,
                248,
                248,
                248,
                248,
                248,
                248,
                248,
                248,
                248,
                248,
                248,
                248,
                248,
                248,
                496,
                1736,
                4960,
                11904,
                23808,
                47616,
                95232,
                190464,
                380928,
                761856,
                1523712,
                3047424,
                6094848,
                12189696,
                24379392,
                48758784,
                64000120,
                64000120,
                64000120,
                64000120,
                64000120,
                64000120,
                64000120
            ],
            "rc_fit": [
                [
                    1305.0699462890625,
                    4.289999961853027,
                    -622.3400268554688
                ],
                [
                    1372.8699951171875,
                    4.349999904632568,
                    -656.1199951171875
                ],
                [
                    1257.3399658203125,
                    3.6500000953674316,
                    -599.010009765625
                ],
                [
                    1332.5,
                    4.210000038146973,
                    -635.3900146484375
                ],
                [
                    1286.6500244140625,
                    3.799999952316284,
                    -613.8800048828125
                ],
                [
                    1257.56005859375,
                    3.690000057220459,
                    -598.9000244140625
                ],
                [
                    1212.4100341796875,
                    3.6600000858306885,
                    -576.1599731445313
                ],
                [
                    1250.0899658203125,
                    3.690000057220459,
                    -594.3200073242188
                ],
                [
                    1163.56005859375,
                    3.490000009536743,
                    -551.7899780273438
                ],
                [
                    1224.72998046875,
                    3.559999942779541,
                    -583.1199951171875
                ],
                [
                    1319.6300048828125,
                    4.360000133514404,
                    -629.1599731445313
                ],
                [
                    1380.5400390625,
                    4.389999866485596,
                    -659.4299926757813
                ],
                [
                    1266.010009765625,
                    3.680000066757202,
                    -602.719970703125
                ],
                [
                    1335.81005859375,
                    4.239999771118164,
                    -636.5
                ],
                [
                    1298.969970703125,
                    3.8399999141693115,
                    -619.5599975585938
                ],
                [
                    1266.97998046875,
                    3.740000009536743,
                    -602.8599853515625
                ],
                [
                    1226.97998046875,
                    3.7200000286102295,
                    -582.8099975585938
                ],
                [
                    1257.6400146484375,
                    3.740000009536743,
                    -597.72998046875
                ],
                [
                    1168.3199462890625,
                    3.509999990463257,
                    -553.469970703125
                ],
                [
                    1231.739990234375,
                    3.5999999046325684,
                    -585.9299926757813
                ]
            ],
            "rc_func": [
                3,
                3,
                3,
                3,
                3,
                3,
                3,
                3,
                3,
                3,
                3,
                3,
                3,
                3,
                3,
                3,
                3,
                3,
                3,
                3
            ],
            "trim_target": [
                15.0,
                15.0,
                15.0,
                15.0,
                15.0,
                15.0,
                15.0,
                15.0,
                15.0,
                15.0,
                15.0,
                15.0,
                15.0,
                15.0,
                15.0,
                15.0,
                15.0,
                15.0,
                15.0,
                15.0
            ]
        },
        "system_info": {
            "Analysis_time": "2023-10-09T09:12:36.000Z",
            "Firmware revision": "0xb640",
            "GIT URL": "https://gitlab.cern.ch/atlas-itk-strips-daq/itsdaq-sw.git/-/tree/aaa93536d1b4f8d0e258c9c1a60e2ce28885f70b",
            "GIT branch": "",
            "GIT build date": "2023-10-09 08:26:38 +0000 (Mon, 09 Oct 2023)",
            "GIT commit date": "2023-10-06 15:07:35 +0000 (Fri, 06 Oct 2023)",
            "GIT describe": "itsdaq_23_3_2023-762-gaaa93536d",
            "GIT revision": "aaa93536d1b4f8d0e258c9c1a60e2ce28885f70b",
            "Location": "BHAM_COLDJIG",
            "User": "FU",
            "analysis_version": "3.43",
            "dedication": "New dedication as we're going for PPA",
            "host": "epldt126"
        }
    },
    "results": {
        "enc_est_away": [
            580.1980590820313,
            1088.49951171875,
            893.5314331054688,
            1045.6593017578125,
            960.6114501953125,
            751.0908203125,
            553.7766723632813,
            550.718994140625,
            965.3243408203125,
            985.3527221679688
        ],
        "enc_est_under": [
            776.3968505859375,
            842.6871337890625,
            812.9861450195313,
            710.7850952148438,
            713.2932739257813,
            678.190673828125,
            611.0712280273438,
            620.9613647460938,
            778.1195678710938,
            661.4847412109375
        ],
        "occupancy_mean_away": [
            0.3595011830329895,
            0.36466744542121887,
            0.3641003966331482,
            0.3644784390926361,
            0.36829012632369995,
            0.37830764055252075,
            0.38479697704315186,
            0.390152245759964,
            0.39679914712905884,
            0.40020135045051575
        ],
        "occupancy_mean_under": [
            0.3684476912021637,
            0.3720073699951172,
            0.3693612217903137,
            0.3667150139808655,
            0.3678489625453949,
            0.383127361536026,
            0.38942772150039673,
            0.3936174511909485,
            0.3909083306789398,
            0.39846867322921753
        ],
        "occupancy_rms_away": [
            0.019301457330584526,
            0.01911172829568386,
            0.020550422370433807,
            0.01789303869009018,
            0.019320139661431313,
            0.016397971659898758,
            0.016865767538547516,
            0.017946280539035797,
            0.01594238542020321,
            0.016541166231036186
        ],
        "occupancy_rms_under": [
            0.02011714316904545,
            0.018562117591500282,
            0.01826614700257778,
            0.020856885239481926,
            0.024205176159739494,
            0.015954704955220222,
            0.015999427065253258,
            0.018375558778643608,
            0.016466576606035233,
            0.018624886870384216
        ],
        "offset_away": [
            12.637847900390625,
            12.775106430053711,
            12.675220489501953,
            12.597207069396973,
            12.638284683227539,
            12.543133735656738,
            12.86292552947998,
            12.688393592834473,
            12.766148567199707,
            12.831135749816895
        ],
        "offset_under": [
            12.582921981811523,
            12.769370079040527,
            12.634583473205566,
            12.555991172790527,
            12.645268440246582,
            12.422401428222656,
            12.787854194641113,
            12.751851081848145,
            12.666908264160156,
            12.855992317199707
        ]
    },
    "runNumber": "63-17",
    "testType": "NO_PPA"
}
