{
    "comments": [
        "FAIL due to 2560 bad strips (more than 15)",
        "FAIL due to 1280 consecutive bad strips (more than 8)",
        "No trim data found"
    ],
    "component": "20USBHX2001216",
    "date": "2023-10-26T10:56:51.000Z",
    "defects": [
        {
            "description": "High Noise occupancy > 0.000500",
            "name": "NO_HI",
            "properties": {
                "chip_bank": "under",
                "chip_in_histo": 0
            }
        },
        {
            "description": "High Noise occupancy > 0.000500",
            "name": "NO_HI",
            "properties": {
                "chip_bank": "under",
                "chip_in_histo": 1
            }
        },
        {
            "description": "High Noise occupancy > 0.000500",
            "name": "NO_HI",
            "properties": {
                "chip_bank": "under",
                "chip_in_histo": 2
            }
        },
        {
            "description": "High Noise occupancy > 0.000500",
            "name": "NO_HI",
            "properties": {
                "chip_bank": "under",
                "chip_in_histo": 3
            }
        },
        {
            "description": "High Noise occupancy > 0.000500",
            "name": "NO_HI",
            "properties": {
                "chip_bank": "under",
                "chip_in_histo": 4
            }
        },
        {
            "description": "High Noise occupancy > 0.000500",
            "name": "NO_HI",
            "properties": {
                "chip_bank": "under",
                "chip_in_histo": 5
            }
        },
        {
            "description": "High Noise occupancy > 0.000500",
            "name": "NO_HI",
            "properties": {
                "chip_bank": "under",
                "chip_in_histo": 6
            }
        },
        {
            "description": "High Noise occupancy > 0.000500",
            "name": "NO_HI",
            "properties": {
                "chip_bank": "under",
                "chip_in_histo": 7
            }
        },
        {
            "description": "High Noise occupancy > 0.000500",
            "name": "NO_HI",
            "properties": {
                "chip_bank": "under",
                "chip_in_histo": 8
            }
        },
        {
            "description": "High Noise occupancy > 0.000500",
            "name": "NO_HI",
            "properties": {
                "chip_bank": "under",
                "chip_in_histo": 9
            }
        },
        {
            "description": "High Noise occupancy > 0.000500",
            "name": "NO_HI",
            "properties": {
                "chip_bank": "away",
                "chip_in_histo": 0
            }
        },
        {
            "description": "High Noise occupancy > 0.000500",
            "name": "NO_HI",
            "properties": {
                "chip_bank": "away",
                "chip_in_histo": 1
            }
        },
        {
            "description": "High Noise occupancy > 0.000500",
            "name": "NO_HI",
            "properties": {
                "chip_bank": "away",
                "chip_in_histo": 2
            }
        },
        {
            "description": "High Noise occupancy > 0.000500",
            "name": "NO_HI",
            "properties": {
                "chip_bank": "away",
                "chip_in_histo": 3
            }
        },
        {
            "description": "High Noise occupancy > 0.000500",
            "name": "NO_HI",
            "properties": {
                "chip_bank": "away",
                "chip_in_histo": 4
            }
        },
        {
            "description": "High Noise occupancy > 0.000500",
            "name": "NO_HI",
            "properties": {
                "chip_bank": "away",
                "chip_in_histo": 5
            }
        },
        {
            "description": "High Noise occupancy > 0.000500",
            "name": "NO_HI",
            "properties": {
                "chip_bank": "away",
                "chip_in_histo": 6
            }
        },
        {
            "description": "High Noise occupancy > 0.000500",
            "name": "NO_HI",
            "properties": {
                "chip_bank": "away",
                "chip_in_histo": 7
            }
        },
        {
            "description": "High Noise occupancy > 0.000500",
            "name": "NO_HI",
            "properties": {
                "chip_bank": "away",
                "chip_in_histo": 8
            }
        },
        {
            "description": "High Noise occupancy > 0.000500",
            "name": "NO_HI",
            "properties": {
                "chip_bank": "away",
                "chip_in_histo": 9
            }
        }
    ],
    "passed": false,
    "problems": false,
    "properties": {
        "DCS": {
            "ABC_temp_raw_1": 2248.0,
            "ABC_temp_raw_10": 2271.0,
            "ABC_temp_raw_2": 2321.0,
            "ABC_temp_raw_3": 2260.0,
            "ABC_temp_raw_4": 2449.0,
            "ABC_temp_raw_5": 2284.0,
            "ABC_temp_raw_6": 2400.0,
            "ABC_temp_raw_7": 2279.0,
            "ABC_temp_raw_8": 2233.0,
            "ABC_temp_raw_9": 2370.0,
            "AMAC_AM600BG": 611.5316162109375,
            "AMAC_AM900BG": 903.6209716796875,
            "AMAC_AMref": 109.4113998413086,
            "AMAC_BG600": 638.8844604492188,
            "AMAC_CAL": -7.815100193023682,
            "AMAC_CALx": 18.560863494873047,
            "AMAC_CALy": 16.607088088989258,
            "AMAC_CHIPGND": 0.9768875241279602,
            "AMAC_CTAT": 447.41448974609375,
            "AMAC_Cur10V": 907.5285034179688,
            "AMAC_Cur1V5": 685.7750244140625,
            "AMAC_DCDCin": 10989.984375,
            "AMAC_DCDCinHigh": 875.2911987304688,
            "AMAC_DCDCinLow": 867.4761352539063,
            "AMAC_DCDCoutHigh": 812.7704467773438,
            "AMAC_DCDCoutLow": 794.2095336914063,
            "AMAC_HGND": 0.0,
            "AMAC_HVret": 0.00385284423828125,
            "AMAC_HVret_V": -89.87364959716797,
            "AMAC_Hrefx": 4.884437561035156,
            "AMAC_Hrefy": -3.907550096511841,
            "AMAC_NTCpb": 35.97417449951172,
            "AMAC_NTCpb_V": 806.9091186523438,
            "AMAC_NTCx": 28.804468154907227,
            "AMAC_NTCx_V": 801.0477905273438,
            "AMAC_NTCy": -235.41665649414063,
            "AMAC_NTCy_V": 260.8289794921875,
            "AMAC_PTAT_V": 1324.659423828125,
            "AMAC_Shuntx": 130.90292358398438,
            "AMAC_Shunty": 132.85670471191406,
            "AMAC_VDCDC": 1332.474609375,
            "AMAC_VDDHI": 3360.4931640625,
            "AMAC_VDDLRhigh": 781.510009765625,
            "AMAC_VDDLRlow": 780.5331420898438,
            "AMAC_VREG": 1216.2249755859375,
            "HCC_temp_raw": 369.0,
            "HCC_temp_rough_cal": 53.20899963378906,
            "Module 0-9_HV_current": 0.0,
            "Module 0-9_HV_voltage": 0.0,
            "Module 0-9_LV_current": 281.0,
            "Module 0-9_LV_voltage": 10993.0,
            "Nexys_LV_current": 676.0,
            "Nexys_LV_voltage": 11998.0
        },
        "det_info": {
            "ABC_Fuse": [
                "8946f099",
                "8946f09a",
                "8946f09c",
                "8946f09f",
                "8946f0a0",
                "8946f0a1",
                "8946f0a3",
                "8946f0a5",
                "8946f0a8",
                "8946f0aa"
            ],
            "Address": [
                0,
                1,
                2,
                3,
                4,
                5,
                6,
                7,
                8,
                9
            ],
            "Channel": [
                1,
                2,
                3,
                4,
                5,
                6,
                7,
                8,
                9,
                10
            ],
            "DUT_type": "20USBHX2001216",
            "HCC_Fuse": "2040103a",
            "Module 0-9_HV_model": "ITKHV",
            "Module 0-9_LV_model": "CPX400DP",
            "Module 0-9_LV_serial": "394124",
            "Nexys_LV_model": "CPX400DP",
            "Nexys_LV_serial": "394124",
            "name": "SN20USBHX2001216"
        },
        "scan_info": {
            "event_count": [
                248,
                248,
                248,
                248,
                248,
                248,
                248,
                248,
                248,
                248,
                248,
                248,
                248,
                248,
                248,
                248,
                248,
                248,
                248,
                248,
                248,
                248,
                248,
                248,
                248,
                248,
                248,
                248,
                496,
                496,
                496,
                496,
                744,
                744,
                992,
                1240,
                1984,
                2480,
                2976,
                3968,
                4960
            ],
            "rc_fit": [
                [
                    839.489990234375,
                    7.28000020980835,
                    -431.0799865722656
                ],
                [
                    839.7000122070313,
                    7.28000020980835,
                    -430.9599914550781
                ],
                [
                    839.8400268554688,
                    7.28000020980835,
                    -430.8800048828125
                ],
                [
                    839.6099853515625,
                    7.28000020980835,
                    -431.0199890136719
                ],
                [
                    839.5900268554688,
                    7.28000020980835,
                    -431.0299987792969
                ],
                [
                    839.469970703125,
                    7.28000020980835,
                    -431.0899963378906
                ],
                [
                    839.4299926757813,
                    7.28000020980835,
                    -431.1199951171875
                ],
                [
                    839.4600219726563,
                    7.28000020980835,
                    -431.1000061035156
                ],
                [
                    839.510009765625,
                    7.28000020980835,
                    -431.07000732421875
                ],
                [
                    839.719970703125,
                    7.28000020980835,
                    -430.95001220703125
                ],
                [
                    839.4299926757813,
                    7.28000020980835,
                    -431.1199951171875
                ],
                [
                    839.5999755859375,
                    7.28000020980835,
                    -431.0199890136719
                ],
                [
                    839.5,
                    7.28000020980835,
                    -431.0799865722656
                ],
                [
                    839.2999877929688,
                    7.28000020980835,
                    -431.20001220703125
                ],
                [
                    839.3599853515625,
                    7.28000020980835,
                    -431.1600036621094
                ],
                [
                    839.3800048828125,
                    7.28000020980835,
                    -431.1499938964844
                ],
                [
                    839.2000122070313,
                    7.269999980926514,
                    -431.25
                ],
                [
                    839.3300170898438,
                    7.28000020980835,
                    -431.17999267578125
                ],
                [
                    839.47998046875,
                    7.28000020980835,
                    -431.0899963378906
                ],
                [
                    839.8800048828125,
                    7.28000020980835,
                    -430.8599853515625
                ]
            ],
            "rc_func": [
                3,
                3,
                3,
                3,
                3,
                3,
                3,
                3,
                3,
                3,
                3,
                3,
                3,
                3,
                3,
                3,
                3,
                3,
                3,
                3
            ],
            "trim_target": [
                15.0,
                15.0,
                15.0,
                15.0,
                15.0,
                15.0,
                15.0,
                15.0,
                15.0,
                15.0,
                15.0,
                15.0,
                15.0,
                15.0,
                15.0,
                15.0,
                15.0,
                15.0,
                15.0,
                15.0
            ]
        },
        "system_info": {
            "Analysis_time": "2023-10-26T10:56:51.000Z",
            "Firmware revision": "0xb66d",
            "GIT URL": "https://gitlab.cern.ch/atlas-itk-strips-daq/itsdaq-sw.git/-/tree/47ee5d3757e976342d53e6ef8cb9ee75a4942289",
            "GIT branch": "AutoModuleType",
            "GIT build date": "2023-10-26 09:38:55 +0000 (Thu, 26 Oct 2023)",
            "GIT commit date": "2023-10-26 09:33:17 +0000 (Thu, 26 Oct 2023)",
            "GIT describe": "itsdaq_23_3_2023-841-g47ee5d375",
            "GIT revision": "47ee5d3757e976342d53e6ef8cb9ee75a4942289",
            "Location": "BHAM_COLDJIG",
            "User": "FU",
            "analysis_version": "3.43",
            "dedication": "New dedication as we're going for PPA",
            "host": "epldt116"
        }
    },
    "results": {
        "enc_est_away": [
            8225.953125,
            8437.3955078125,
            8356.5791015625,
            8117.775390625,
            7972.6748046875,
            8007.26318359375,
            8389.3271484375,
            8186.408203125,
            8446.044921875,
            8657.220703125
        ],
        "enc_est_under": [
            8094.62158203125,
            8052.75048828125,
            7211.10693359375,
            7354.28125,
            7959.92529296875,
            8285.7412109375,
            8137.044921875,
            7703.302734375,
            8085.2626953125,
            8288.828125
        ],
        "occupancy_mean_away": [
            0.27079132199287415,
            0.2744770348072052,
            0.2730908989906311,
            0.26883819699287415,
            0.24269156157970428,
            0.2573084831237793,
            0.2872037887573242,
            0.2924331724643707,
            0.2995525598526001,
            0.290070503950119
        ],
        "occupancy_mean_under": [
            0.26565656065940857,
            0.27646172046661377,
            0.2749810814857483,
            0.2874874174594879,
            0.28348660469055176,
            0.3053490221500397,
            0.2993321418762207,
            0.2986705005168915,
            0.2936302423477173,
            0.30654606223106384
        ],
        "occupancy_rms_away": [
            0.036536041647195816,
            0.052868589758872986,
            0.04032169282436371,
            0.040199875831604004,
            0.037249818444252014,
            0.043562352657318115,
            0.06073163077235222,
            0.041161149740219116,
            0.03495365381240845,
            0.04421069845557213
        ],
        "occupancy_rms_under": [
            0.043692998588085175,
            0.06423544138669968,
            0.033845528960227966,
            0.03890972211956978,
            0.04066312685608864,
            0.0702374204993248,
            0.06413597613573074,
            0.055868472903966904,
            0.039412721991539,
            0.06487831473350525
        ],
        "offset_away": [
            12.938424110412598,
            13.152864456176758,
            13.040078163146973,
            12.425540924072266,
            11.754729270935059,
            12.189933776855469,
            13.25113582611084,
            13.224355697631836,
            13.725976943969727,
            13.950797080993652
        ],
        "offset_under": [
            12.394195556640625,
            12.551729202270508,
            12.020246505737305,
            12.303359985351563,
            12.755171775817871,
            13.069182395935059,
            12.990087509155273,
            12.7526273727417,
            12.943121910095215,
            13.257704734802246
        ]
    },
    "runNumber": "697-17",
    "testType": "NO_PPA"
}
