{
    "component": "20USBHX2001216",
    "date": "2023-10-26T10:49:52.000Z",
    "passed": true,
    "problems": false,
    "properties": {
        "DCS": {
            "ABC_temp_raw_1": 2249.0,
            "ABC_temp_raw_10": 2273.0,
            "ABC_temp_raw_2": 2322.0,
            "ABC_temp_raw_3": 2257.0,
            "ABC_temp_raw_4": 2451.0,
            "ABC_temp_raw_5": 2286.0,
            "ABC_temp_raw_6": 2403.0,
            "ABC_temp_raw_7": 2281.0,
            "ABC_temp_raw_8": 2236.0,
            "ABC_temp_raw_9": 2370.0,
            "AMAC_AM600BG": 611.5316162109375,
            "AMAC_AM900BG": 903.6209716796875,
            "AMAC_AMref": 109.4113998413086,
            "AMAC_BG600": 638.8844604492188,
            "AMAC_CAL": -6.838212490081787,
            "AMAC_CALx": 18.560863494873047,
            "AMAC_CALy": 16.607088088989258,
            "AMAC_CHIPGND": 0.0,
            "AMAC_CTAT": 448.3913879394531,
            "AMAC_Cur10V": 922.1818237304688,
            "AMAC_Cur1V5": 680.890625,
            "AMAC_DCDCin": 10975.3310546875,
            "AMAC_DCDCinHigh": 875.2911987304688,
            "AMAC_DCDCinLow": 867.4761352539063,
            "AMAC_DCDCoutHigh": 811.7935180664063,
            "AMAC_DCDCoutLow": 796.163330078125,
            "AMAC_HGND": 0.0,
            "AMAC_HVret": 0.00385284423828125,
            "AMAC_HVret_V": -89.87364959716797,
            "AMAC_Hrefx": 4.884437561035156,
            "AMAC_Hrefy": -3.907550096511841,
            "AMAC_NTCpb": 35.78472137451172,
            "AMAC_NTCpb_V": 803.9784545898438,
            "AMAC_NTCx": 28.7048282623291,
            "AMAC_NTCx_V": 798.1171264648438,
            "AMAC_NTCy": -235.41665649414063,
            "AMAC_NTCy_V": 260.8289794921875,
            "AMAC_PTAT_V": 1324.659423828125,
            "AMAC_Shuntx": 129.92604064941406,
            "AMAC_Shunty": 132.85670471191406,
            "AMAC_VDCDC": 1332.474609375,
            "AMAC_VDDHI": 3356.58544921875,
            "AMAC_VDDLRhigh": 781.510009765625,
            "AMAC_VDDLRlow": 780.5331420898438,
            "AMAC_VREG": 1216.2249755859375,
            "HCC_temp_raw": 369.0,
            "HCC_temp_rough_cal": 53.20899963378906,
            "Module 0-9_HV_current": 0.0,
            "Module 0-9_HV_voltage": 0.0,
            "Module 0-9_LV_current": 281.0,
            "Module 0-9_LV_voltage": 10993.0,
            "Nexys_LV_current": 674.0,
            "Nexys_LV_voltage": 11998.0
        },
        "FRACTION": 0.57,
        "det_info": {
            "ABC_Fuse": [
                "8946f099",
                "8946f09a",
                "8946f09c",
                "8946f09f",
                "8946f0a0",
                "8946f0a1",
                "8946f0a3",
                "8946f0a5",
                "8946f0a8",
                "8946f0aa"
            ],
            "Address": [
                0,
                1,
                2,
                3,
                4,
                5,
                6,
                7,
                8,
                9
            ],
            "Channel": [
                1,
                2,
                3,
                4,
                5,
                6,
                7,
                8,
                9,
                10
            ],
            "DUT_type": "20USBHX2001216",
            "HCC_Fuse": "2040103a",
            "Module 0-9_HV_model": "ITKHV",
            "Module 0-9_LV_model": "CPX400DP",
            "Module 0-9_LV_serial": "394124",
            "Nexys_LV_model": "CPX400DP",
            "Nexys_LV_serial": "394124",
            "name": "SN20USBHX2001216"
        },
        "scan_info": {
            "event_count": 32
        },
        "system_info": {
            "Analysis_time": "2023-10-26T10:49:53.000Z",
            "Firmware revision": "0xb66d",
            "GIT URL": "https://gitlab.cern.ch/atlas-itk-strips-daq/itsdaq-sw.git/-/tree/47ee5d3757e976342d53e6ef8cb9ee75a4942289",
            "GIT branch": "AutoModuleType",
            "GIT build date": "2023-10-26 09:38:55 +0000 (Thu, 26 Oct 2023)",
            "GIT commit date": "2023-10-26 09:33:17 +0000 (Thu, 26 Oct 2023)",
            "GIT describe": "itsdaq_23_3_2023-841-g47ee5d375",
            "GIT revision": "47ee5d3757e976342d53e6ef8cb9ee75a4942289",
            "Location": "BHAM_COLDJIG",
            "User": "FU",
            "analysis_version": "3.43",
            "dedication": "New dedication as we're going for PPA",
            "host": "epldt116"
        }
    },
    "results": {
        "StrobeDelay_away": [
            21,
            26,
            24,
            24,
            26,
            24,
            26,
            26,
            28,
            22,
            -1,
            -1,
            -1,
            -1,
            -1,
            -1
        ],
        "StrobeDelay_under": [
            21,
            26,
            24,
            24,
            26,
            23,
            26,
            26,
            28,
            22,
            -1,
            -1,
            -1,
            -1,
            -1,
            -1
        ]
    },
    "runNumber": "697-3",
    "testType": "STROBE_DELAY_PPA"
}
