{
    "component": "20USBHX2001216",
    "date": "2023-10-26T10:49:46.000Z",
    "defects": [
        {
            "description": "No trim value from pedestal",
            "name": "TRIM_BAD",
            "properties": {
                "channel": 1142,
                "chip_bank": "away",
                "chip_in_histo": 8
            }
        }
    ],
    "passed": true,
    "problems": false,
    "properties": {
        "DCS": {
            "ABC_temp_raw_1": 2248.0,
            "ABC_temp_raw_10": 2272.0,
            "ABC_temp_raw_2": 2322.0,
            "ABC_temp_raw_3": 2256.0,
            "ABC_temp_raw_4": 2449.0,
            "ABC_temp_raw_5": 2285.0,
            "ABC_temp_raw_6": 2401.0,
            "ABC_temp_raw_7": 2279.0,
            "ABC_temp_raw_8": 2236.0,
            "ABC_temp_raw_9": 2372.0,
            "AMAC_AM600BG": 611.5316162109375,
            "AMAC_AM900BG": 904.5978393554688,
            "AMAC_AMref": 109.4113998413086,
            "AMAC_BG600": 638.8844604492188,
            "AMAC_CAL": -7.815100193023682,
            "AMAC_CALx": 18.560863494873047,
            "AMAC_CALy": 16.607088088989258,
            "AMAC_CHIPGND": 0.9768875241279602,
            "AMAC_CTAT": 448.3913879394531,
            "AMAC_Cur10V": 918.2742919921875,
            "AMAC_Cur1V5": 695.5439453125,
            "AMAC_DCDCin": 10989.984375,
            "AMAC_DCDCinHigh": 875.2911987304688,
            "AMAC_DCDCinLow": 867.4761352539063,
            "AMAC_DCDCoutHigh": 812.7704467773438,
            "AMAC_DCDCoutLow": 796.163330078125,
            "AMAC_HGND": 0.0,
            "AMAC_HVret": 0.00385284423828125,
            "AMAC_HVret_V": -89.87364959716797,
            "AMAC_Hrefx": 4.884437561035156,
            "AMAC_Hrefy": -3.907550096511841,
            "AMAC_NTCpb": 35.87957000732422,
            "AMAC_NTCpb_V": 804.955322265625,
            "AMAC_NTCx": 28.7048282623291,
            "AMAC_NTCx_V": 798.1171264648438,
            "AMAC_NTCy": -235.41665649414063,
            "AMAC_NTCy_V": 260.8289794921875,
            "AMAC_PTAT_V": 1322.7056884765625,
            "AMAC_Shuntx": 129.92604064941406,
            "AMAC_Shunty": 132.85670471191406,
            "AMAC_VDCDC": 1332.474609375,
            "AMAC_VDDHI": 3360.4931640625,
            "AMAC_VDDLRhigh": 781.510009765625,
            "AMAC_VDDLRlow": 780.5331420898438,
            "AMAC_VREG": 1214.7596435546875,
            "HCC_temp_raw": 368.0,
            "HCC_temp_rough_cal": 53.84800720214844,
            "Module 0-9_HV_current": 0.0,
            "Module 0-9_HV_voltage": 0.0,
            "Module 0-9_LV_current": 286.0,
            "Module 0-9_LV_voltage": 10994.0,
            "Nexys_LV_current": 677.0,
            "Nexys_LV_voltage": 11998.0
        },
        "det_info": {
            "ABC_Fuse": [
                "8946f099",
                "8946f09a",
                "8946f09c",
                "8946f09f",
                "8946f0a0",
                "8946f0a1",
                "8946f0a3",
                "8946f0a5",
                "8946f0a8",
                "8946f0aa"
            ],
            "Address": [
                0,
                1,
                2,
                3,
                4,
                5,
                6,
                7,
                8,
                9
            ],
            "Channel": [
                1,
                2,
                3,
                4,
                5,
                6,
                7,
                8,
                9,
                10
            ],
            "DUT_type": "20USBHX2001216",
            "HCC_Fuse": "2040103a",
            "Module 0-9_HV_model": "ITKHV",
            "Module 0-9_LV_model": "CPX400DP",
            "Module 0-9_LV_serial": "394124",
            "Nexys_LV_model": "CPX400DP",
            "Nexys_LV_serial": "394124",
            "name": "SN20USBHX2001216"
        },
        "scan_info": {
            "event_count": 100
        },
        "system_info": {
            "Analysis_time": "2023-10-26T10:49:47.000Z",
            "Firmware revision": "0xb66d",
            "GIT URL": "https://gitlab.cern.ch/atlas-itk-strips-daq/itsdaq-sw.git/-/tree/47ee5d3757e976342d53e6ef8cb9ee75a4942289",
            "GIT branch": "AutoModuleType",
            "GIT build date": "2023-10-26 09:38:55 +0000 (Thu, 26 Oct 2023)",
            "GIT commit date": "2023-10-26 09:33:17 +0000 (Thu, 26 Oct 2023)",
            "GIT describe": "itsdaq_23_3_2023-841-g47ee5d375",
            "GIT revision": "47ee5d3757e976342d53e6ef8cb9ee75a4942289",
            "Location": "BHAM_COLDJIG",
            "User": "FU",
            "analysis_version": "3.43",
            "dedication": "New dedication as we're going for PPA",
            "host": "epldt116"
        },
        "trim_offset": 15,
        "trim_range": 6
    },
    "results": {
        "trim_away": [
            1,
            9,
            9,
            10,
            0,
            12,
            3,
            13,
            11,
            7,
            10,
            5,
            6,
            7,
            0,
            20,
            6,
            10,
            2,
            8,
            9,
            8,
            10,
            10,
            1,
            14,
            11,
            3,
            9,
            10,
            14,
            3,
            1,
            15,
            7,
            1,
            9,
            10,
            7,
            1,
            15,
            12,
            7,
            9,
            13,
            15,
            1,
            8,
            8,
            8,
            13,
            8,
            2,
            9,
            22,
            12,
            15,
            8,
            4,
            11,
            4,
            13,
            7,
            14,
            9,
            7,
            0,
            8,
            8,
            9,
            6,
            4,
            8,
            3,
            10,
            9,
            15,
            1,
            3,
            12,
            2,
            6,
            12,
            7,
            10,
            13,
            10,
            10,
            9,
            14,
            11,
            10,
            10,
            4,
            10,
            11,
            7,
            11,
            7,
            9,
            9,
            6,
            9,
            13,
            12,
            4,
            1,
            8,
            13,
            11,
            15,
            10,
            7,
            7,
            12,
            19,
            5,
            7,
            6,
            11,
            9,
            9,
            1,
            6,
            14,
            10,
            11,
            11,
            8,
            9,
            9,
            2,
            6,
            8,
            6,
            0,
            13,
            18,
            6,
            5,
            9,
            12,
            7,
            13,
            13,
            8,
            0,
            10,
            10,
            15,
            11,
            12,
            13,
            8,
            9,
            17,
            5,
            6,
            14,
            2,
            4,
            15,
            4,
            13,
            -9,
            9,
            7,
            8,
            9,
            9,
            9,
            9,
            8,
            1,
            13,
            9,
            8,
            10,
            14,
            5,
            8,
            5,
            8,
            12,
            19,
            15,
            7,
            -8,
            11,
            9,
            12,
            8,
            9,
            13,
            1,
            9,
            7,
            12,
            9,
            7,
            9,
            12,
            17,
            3,
            4,
            9,
            8,
            11,
            10,
            14,
            14,
            13,
            6,
            8,
            2,
            10,
            12,
            8,
            11,
            11,
            1,
            3,
            14,
            8,
            21,
            10,
            9,
            5,
            8,
            3,
            11,
            5,
            8,
            3,
            15,
            11,
            -3,
            11,
            5,
            4,
            12,
            11,
            8,
            12,
            10,
            12,
            6,
            19,
            12,
            12,
            6,
            9,
            10,
            9,
            14,
            8,
            6,
            9,
            3,
            15,
            5,
            10,
            7,
            0,
            11,
            7,
            3,
            6,
            7,
            6,
            3,
            7,
            6,
            11,
            5,
            4,
            5,
            8,
            0,
            15,
            5,
            9,
            10,
            8,
            5,
            7,
            11,
            13,
            4,
            8,
            11,
            6,
            8,
            7,
            9,
            3,
            3,
            12,
            13,
            6,
            8,
            4,
            8,
            0,
            7,
            11,
            6,
            10,
            6,
            0,
            14,
            10,
            8,
            8,
            4,
            9,
            11,
            8,
            6,
            16,
            17,
            9,
            12,
            4,
            6,
            15,
            7,
            11,
            13,
            11,
            11,
            8,
            9,
            13,
            6,
            3,
            6,
            2,
            9,
            0,
            12,
            7,
            14,
            16,
            3,
            8,
            7,
            7,
            6,
            4,
            7,
            8,
            15,
            0,
            5,
            11,
            10,
            6,
            14,
            1,
            8,
            12,
            10,
            16,
            10,
            6,
            5,
            7,
            15,
            4,
            9,
            0,
            11,
            8,
            11,
            8,
            11,
            8,
            2,
            6,
            5,
            15,
            10,
            0,
            5,
            7,
            14,
            7,
            9,
            11,
            9,
            11,
            3,
            13,
            13,
            17,
            13,
            1,
            3,
            11,
            8,
            10,
            6,
            4,
            7,
            1,
            5,
            10,
            12,
            3,
            16,
            4,
            4,
            5,
            12,
            10,
            7,
            6,
            6,
            8,
            12,
            7,
            9,
            2,
            9,
            6,
            17,
            11,
            4,
            3,
            8,
            6,
            14,
            11,
            9,
            11,
            10,
            11,
            6,
            21,
            11,
            11,
            15,
            7,
            7,
            10,
            13,
            10,
            10,
            10,
            3,
            6,
            9,
            9,
            6,
            5,
            12,
            5,
            14,
            13,
            7,
            11,
            13,
            6,
            9,
            12,
            8,
            8,
            15,
            8,
            7,
            9,
            15,
            7,
            11,
            4,
            13,
            15,
            9,
            6,
            6,
            11,
            10,
            10,
            12,
            7,
            12,
            12,
            4,
            8,
            10,
            8,
            14,
            10,
            9,
            14,
            6,
            7,
            9,
            7,
            8,
            10,
            0,
            4,
            13,
            18,
            10,
            17,
            14,
            4,
            10,
            7,
            15,
            4,
            11,
            6,
            9,
            5,
            4,
            6,
            8,
            8,
            7,
            13,
            4,
            4,
            7,
            3,
            11,
            6,
            6,
            5,
            7,
            9,
            9,
            8,
            1,
            7,
            3,
            4,
            12,
            8,
            12,
            7,
            11,
            0,
            10,
            2,
            3,
            8,
            4,
            2,
            7,
            7,
            6,
            7,
            4,
            12,
            9,
            6,
            3,
            13,
            6,
            2,
            11,
            10,
            8,
            12,
            9,
            15,
            11,
            10,
            10,
            17,
            5,
            4,
            6,
            9,
            6,
            5,
            8,
            9,
            10,
            10,
            15,
            7,
            8,
            9,
            11,
            8,
            8,
            3,
            11,
            12,
            14,
            9,
            12,
            9,
            12,
            9,
            10,
            6,
            9,
            5,
            3,
            9,
            11,
            1,
            14,
            10,
            9,
            11,
            14,
            5,
            3,
            12,
            3,
            6,
            9,
            9,
            9,
            7,
            6,
            3,
            13,
            12,
            6,
            3,
            12,
            6,
            10,
            6,
            6,
            7,
            8,
            5,
            2,
            12,
            4,
            6,
            9,
            13,
            10,
            7,
            4,
            12,
            4,
            11,
            0,
            12,
            6,
            9,
            8,
            12,
            6,
            1,
            13,
            8,
            8,
            5,
            12,
            9,
            17,
            5,
            5,
            3,
            15,
            6,
            9,
            10,
            3,
            18,
            6,
            8,
            1,
            0,
            12,
            9,
            18,
            12,
            7,
            13,
            19,
            9,
            6,
            16,
            9,
            13,
            10,
            15,
            9,
            13,
            9,
            10,
            9,
            10,
            14,
            11,
            8,
            6,
            8,
            14,
            12,
            10,
            4,
            7,
            7,
            4,
            3,
            11,
            13,
            7,
            8,
            9,
            13,
            7,
            7,
            18,
            9,
            13,
            7,
            18,
            17,
            8,
            17,
            11,
            18,
            9,
            4,
            8,
            13,
            13,
            4,
            15,
            2,
            18,
            11,
            12,
            16,
            3,
            10,
            9,
            10,
            13,
            12,
            10,
            10,
            10,
            4,
            16,
            8,
            13,
            8,
            13,
            12,
            3,
            14,
            14,
            11,
            9,
            14,
            11,
            5,
            12,
            6,
            12,
            7,
            12,
            32,
            3,
            7,
            7,
            11,
            10,
            3,
            12,
            7,
            7,
            4,
            4,
            5,
            5,
            8,
            -5,
            12,
            9,
            3,
            3,
            1,
            9,
            7,
            7,
            7,
            10,
            18,
            5,
            10,
            10,
            9,
            15,
            9,
            3,
            4,
            9,
            6,
            9,
            11,
            6,
            8,
            0,
            9,
            0,
            8,
            9,
            11,
            9,
            6,
            7,
            7,
            4,
            9,
            9,
            10,
            0,
            3,
            8,
            9,
            10,
            1,
            6,
            8,
            10,
            15,
            10,
            7,
            6,
            12,
            7,
            6,
            10,
            5,
            9,
            8,
            12,
            7,
            6,
            10,
            3,
            7,
            6,
            12,
            13,
            9,
            3,
            9,
            10,
            3,
            10,
            9,
            7,
            5,
            8,
            5,
            6,
            7,
            6,
            14,
            14,
            12,
            3,
            8,
            9,
            9,
            13,
            13,
            9,
            9,
            11,
            15,
            12,
            2,
            10,
            11,
            0,
            1,
            2,
            13,
            8,
            7,
            4,
            9,
            4,
            0,
            7,
            4,
            1,
            10,
            0,
            7,
            11,
            1,
            7,
            12,
            0,
            11,
            15,
            15,
            -11,
            9,
            0,
            14,
            8,
            10,
            4,
            6,
            11,
            -2,
            13,
            11,
            11,
            8,
            8,
            6,
            11,
            10,
            11,
            13,
            7,
            14,
            9,
            2,
            7,
            4,
            6,
            3,
            13,
            11,
            7,
            14,
            0,
            13,
            8,
            8,
            15,
            11,
            9,
            15,
            12,
            11,
            14,
            14,
            4,
            13,
            2,
            7,
            13,
            15,
            15,
            12,
            11,
            7,
            12,
            10,
            10,
            2,
            12,
            13,
            10,
            16,
            8,
            -6,
            12,
            4,
            14,
            19,
            15,
            9,
            10,
            9,
            7,
            9,
            10,
            10,
            7,
            10,
            1,
            14,
            13,
            4,
            7,
            15,
            5,
            9,
            5,
            14,
            12,
            7,
            13,
            4,
            16,
            12,
            11,
            10,
            12,
            8,
            6,
            16,
            4,
            6,
            12,
            9,
            9,
            7,
            9,
            2,
            10,
            8,
            9,
            10,
            13,
            13,
            13,
            3,
            11,
            8,
            16,
            7,
            5,
            0,
            6,
            1,
            10,
            13,
            7,
            9,
            8,
            6,
            5,
            5,
            6,
            4,
            10,
            7,
            10,
            14,
            2,
            6,
            7,
            10,
            2,
            8,
            6,
            5,
            4,
            12,
            6,
            5,
            11,
            3,
            11,
            11,
            12,
            4,
            6,
            11,
            8,
            1,
            1,
            5,
            7,
            2,
            10,
            8,
            11,
            15,
            10,
            15,
            2,
            14,
            3,
            8,
            6,
            11,
            9,
            4,
            15,
            2,
            13,
            9,
            7,
            4,
            6,
            14,
            6,
            8,
            11,
            6,
            10,
            12,
            15,
            11,
            8,
            15,
            1,
            14,
            12,
            14,
            14,
            5,
            11,
            14,
            7,
            7,
            7,
            15,
            9,
            7,
            14,
            10,
            9,
            20,
            12,
            15,
            12,
            2,
            7,
            10,
            15,
            3,
            8,
            11,
            6,
            5,
            8,
            5,
            4,
            8,
            17,
            10,
            2,
            3,
            14,
            -1,
            9,
            2,
            9,
            8,
            12,
            13,
            1,
            15,
            10,
            10,
            0,
            5,
            5,
            12,
            7,
            0,
            8,
            6,
            7,
            3,
            9,
            7,
            8,
            1,
            8,
            8,
            4,
            -11,
            5,
            15,
            5,
            10,
            4,
            6,
            9,
            10,
            6,
            15,
            6,
            6,
            1,
            1,
            3,
            2,
            7,
            16,
            8,
            12,
            14,
            13,
            2,
            8,
            10,
            9,
            3,
            5,
            6,
            8,
            9,
            13,
            8,
            1,
            12,
            2,
            1,
            9,
            8,
            4,
            3,
            4,
            5,
            3,
            7,
            9,
            11,
            0,
            4,
            2,
            13,
            10,
            5,
            11,
            14,
            5,
            5,
            10,
            6,
            10,
            7,
            5,
            5,
            0,
            6,
            10,
            12,
            14,
            0,
            11,
            -3,
            5,
            11,
            3,
            0,
            11,
            8,
            14,
            5,
            8,
            14,
            0,
            6,
            14,
            13,
            15,
            5,
            8,
            11,
            10,
            11,
            14,
            12,
            7,
            7,
            5,
            7,
            13,
            7,
            8,
            13,
            0,
            11,
            2,
            16,
            4,
            2,
            1,
            3
        ],
        "trim_under": [
            6,
            1,
            0,
            0,
            14,
            13,
            6,
            14,
            9,
            10,
            16,
            9,
            9,
            15,
            9,
            11,
            5,
            11,
            7,
            13,
            7,
            11,
            12,
            8,
            1,
            7,
            15,
            11,
            12,
            7,
            3,
            12,
            5,
            11,
            8,
            5,
            14,
            9,
            7,
            10,
            4,
            11,
            18,
            10,
            16,
            9,
            5,
            15,
            13,
            12,
            12,
            11,
            12,
            9,
            11,
            10,
            12,
            -5,
            14,
            5,
            9,
            14,
            5,
            14,
            14,
            12,
            13,
            3,
            15,
            13,
            8,
            11,
            7,
            14,
            8,
            3,
            13,
            8,
            12,
            13,
            3,
            9,
            10,
            10,
            13,
            4,
            12,
            11,
            16,
            10,
            1,
            18,
            10,
            10,
            15,
            12,
            0,
            9,
            6,
            3,
            8,
            3,
            4,
            10,
            12,
            13,
            15,
            8,
            2,
            15,
            12,
            12,
            8,
            10,
            7,
            10,
            17,
            7,
            12,
            11,
            19,
            3,
            11,
            12,
            10,
            3,
            13,
            9,
            3,
            13,
            8,
            11,
            16,
            16,
            12,
            12,
            3,
            8,
            14,
            1,
            17,
            11,
            9,
            13,
            2,
            0,
            11,
            15,
            10,
            11,
            3,
            8,
            14,
            12,
            10,
            11,
            8,
            12,
            12,
            7,
            12,
            10,
            10,
            6,
            1,
            7,
            11,
            4,
            9,
            14,
            11,
            7,
            6,
            12,
            16,
            7,
            10,
            8,
            7,
            12,
            11,
            18,
            12,
            7,
            18,
            19,
            6,
            10,
            7,
            14,
            -2,
            1,
            8,
            10,
            2,
            3,
            9,
            14,
            10,
            6,
            12,
            6,
            10,
            10,
            8,
            14,
            6,
            3,
            13,
            10,
            14,
            13,
            11,
            14,
            7,
            12,
            14,
            12,
            28,
            13,
            2,
            6,
            9,
            0,
            10,
            8,
            12,
            14,
            17,
            14,
            2,
            11,
            13,
            14,
            9,
            6,
            6,
            16,
            12,
            13,
            0,
            8,
            12,
            8,
            17,
            12,
            9,
            9,
            11,
            13,
            13,
            14,
            14,
            11,
            10,
            9,
            9,
            9,
            7,
            11,
            7,
            11,
            8,
            6,
            3,
            11,
            9,
            14,
            3,
            3,
            12,
            6,
            16,
            5,
            14,
            10,
            7,
            7,
            8,
            10,
            5,
            11,
            9,
            5,
            14,
            7,
            14,
            18,
            8,
            14,
            11,
            19,
            9,
            9,
            11,
            1,
            11,
            13,
            15,
            14,
            4,
            15,
            9,
            15,
            13,
            11,
            13,
            6,
            7,
            11,
            14,
            10,
            3,
            11,
            10,
            11,
            10,
            19,
            8,
            9,
            14,
            12,
            16,
            5,
            11,
            13,
            11,
            8,
            8,
            7,
            5,
            8,
            0,
            11,
            13,
            9,
            13,
            6,
            8,
            14,
            10,
            11,
            9,
            17,
            11,
            8,
            10,
            12,
            10,
            12,
            11,
            8,
            13,
            7,
            15,
            16,
            12,
            3,
            11,
            8,
            15,
            15,
            11,
            9,
            9,
            8,
            9,
            5,
            11,
            11,
            14,
            16,
            12,
            8,
            12,
            11,
            16,
            12,
            4,
            18,
            10,
            14,
            5,
            13,
            10,
            11,
            6,
            16,
            15,
            12,
            12,
            19,
            12,
            12,
            6,
            11,
            14,
            10,
            9,
            16,
            8,
            6,
            10,
            17,
            9,
            14,
            18,
            11,
            16,
            13,
            11,
            10,
            14,
            9,
            10,
            11,
            5,
            15,
            7,
            3,
            16,
            8,
            11,
            7,
            13,
            6,
            0,
            7,
            4,
            15,
            13,
            4,
            1,
            5,
            9,
            14,
            12,
            12,
            16,
            7,
            13,
            5,
            12,
            8,
            8,
            9,
            12,
            18,
            7,
            0,
            14,
            11,
            13,
            8,
            17,
            8,
            4,
            8,
            6,
            9,
            12,
            5,
            6,
            12,
            6,
            4,
            7,
            9,
            7,
            6,
            12,
            13,
            10,
            0,
            12,
            15,
            9,
            8,
            14,
            13,
            7,
            15,
            3,
            8,
            10,
            9,
            12,
            5,
            8,
            12,
            12,
            11,
            11,
            15,
            9,
            13,
            14,
            11,
            19,
            11,
            8,
            10,
            12,
            15,
            8,
            8,
            12,
            9,
            8,
            11,
            11,
            12,
            8,
            8,
            9,
            7,
            8,
            12,
            0,
            0,
            8,
            7,
            5,
            6,
            7,
            4,
            9,
            1,
            11,
            15,
            10,
            8,
            0,
            8,
            13,
            2,
            9,
            12,
            8,
            11,
            5,
            6,
            14,
            14,
            0,
            9,
            10,
            4,
            5,
            3,
            7,
            10,
            9,
            11,
            13,
            9,
            4,
            10,
            8,
            18,
            9,
            13,
            16,
            0,
            7,
            6,
            12,
            8,
            5,
            7,
            12,
            13,
            8,
            5,
            8,
            8,
            0,
            18,
            3,
            7,
            14,
            14,
            13,
            7,
            12,
            15,
            8,
            16,
            12,
            8,
            9,
            8,
            9,
            8,
            7,
            11,
            11,
            8,
            12,
            12,
            9,
            13,
            6,
            0,
            15,
            13,
            10,
            4,
            4,
            14,
            12,
            6,
            18,
            14,
            2,
            9,
            14,
            17,
            9,
            12,
            11,
            12,
            6,
            18,
            6,
            5,
            15,
            9,
            11,
            9,
            9,
            5,
            5,
            8,
            8,
            14,
            12,
            9,
            6,
            4,
            7,
            7,
            6,
            5,
            6,
            12,
            3,
            10,
            4,
            9,
            18,
            7,
            4,
            13,
            12,
            9,
            7,
            10,
            10,
            12,
            14,
            1,
            9,
            8,
            13,
            5,
            3,
            5,
            12,
            9,
            13,
            9,
            13,
            8,
            16,
            12,
            8,
            9,
            14,
            11,
            7,
            10,
            8,
            14,
            4,
            9,
            10,
            13,
            8,
            10,
            7,
            14,
            5,
            4,
            7,
            3,
            13,
            9,
            8,
            9,
            7,
            8,
            18,
            9,
            13,
            9,
            13,
            7,
            14,
            8,
            9,
            11,
            6,
            5,
            10,
            8,
            9,
            1,
            11,
            12,
            12,
            11,
            27,
            8,
            3,
            10,
            15,
            19,
            9,
            4,
            3,
            9,
            2,
            9,
            8,
            10,
            10,
            13,
            12,
            10,
            12,
            11,
            10,
            15,
            2,
            -4,
            9,
            11,
            10,
            13,
            12,
            6,
            5,
            9,
            11,
            25,
            18,
            11,
            9,
            7,
            9,
            8,
            10,
            6,
            10,
            11,
            15,
            6,
            14,
            9,
            15,
            1,
            6,
            5,
            2,
            6,
            8,
            8,
            3,
            12,
            9,
            6,
            17,
            10,
            7,
            8,
            11,
            1,
            8,
            18,
            5,
            4,
            7,
            9,
            15,
            6,
            8,
            17,
            0,
            7,
            4,
            9,
            6,
            2,
            5,
            11,
            8,
            11,
            13,
            8,
            7,
            12,
            4,
            12,
            10,
            3,
            16,
            9,
            10,
            6,
            14,
            10,
            12,
            5,
            7,
            2,
            12,
            8,
            6,
            -5,
            4,
            8,
            8,
            16,
            18,
            13,
            10,
            16,
            5,
            8,
            15,
            6,
            34,
            7,
            10,
            14,
            12,
            18,
            12,
            4,
            10,
            13,
            3,
            10,
            7,
            3,
            11,
            1,
            4,
            10,
            13,
            13,
            15,
            10,
            13,
            8,
            12,
            9,
            7,
            9,
            10,
            10,
            6,
            13,
            7,
            14,
            16,
            15,
            11,
            9,
            3,
            6,
            13,
            4,
            12,
            11,
            7,
            10,
            12,
            9,
            14,
            13,
            7,
            6,
            0,
            9,
            6,
            8,
            8,
            3,
            11,
            3,
            5,
            10,
            7,
            9,
            14,
            10,
            15,
            3,
            12,
            8,
            11,
            3,
            10,
            0,
            14,
            7,
            7,
            11,
            6,
            10,
            14,
            0,
            15,
            19,
            6,
            10,
            15,
            12,
            3,
            16,
            8,
            8,
            0,
            12,
            14,
            8,
            17,
            12,
            0,
            3,
            7,
            18,
            13,
            7,
            11,
            9,
            7,
            16,
            10,
            10,
            7,
            17,
            11,
            3,
            0,
            11,
            3,
            11,
            12,
            0,
            11,
            10,
            9,
            11,
            7,
            10,
            13,
            9,
            5,
            3,
            12,
            14,
            11,
            10,
            17,
            6,
            12,
            11,
            13,
            8,
            13,
            7,
            5,
            23,
            9,
            14,
            14,
            14,
            9,
            14,
            15,
            11,
            15,
            10,
            12,
            13,
            15,
            16,
            10,
            8,
            9,
            14,
            4,
            9,
            10,
            13,
            9,
            8,
            1,
            8,
            8,
            0,
            10,
            2,
            5,
            7,
            10,
            9,
            4,
            11,
            8,
            0,
            3,
            15,
            7,
            9,
            8,
            8,
            14,
            10,
            11,
            8,
            11,
            8,
            14,
            10,
            11,
            -7,
            10,
            14,
            4,
            6,
            19,
            3,
            12,
            4,
            4,
            8,
            1,
            4,
            1,
            9,
            13,
            9,
            2,
            6,
            1,
            4,
            7,
            13,
            18,
            13,
            13,
            14,
            8,
            10,
            9,
            7,
            4,
            15,
            5,
            13,
            16,
            14,
            6,
            12,
            16,
            8,
            10,
            5,
            14,
            13,
            3,
            5,
            13,
            8,
            9,
            12,
            7,
            11,
            17,
            3,
            14,
            4,
            10,
            9,
            6,
            13,
            11,
            12,
            3,
            3,
            15,
            18,
            12,
            5,
            17,
            7,
            11,
            10,
            8,
            7,
            0,
            13,
            12,
            7,
            6,
            7,
            11,
            7,
            16,
            12,
            9,
            12,
            17,
            12,
            3,
            13,
            7,
            9,
            10,
            9,
            10,
            12,
            9,
            3,
            8,
            5,
            5,
            0,
            11,
            6,
            17,
            5,
            15,
            7,
            9,
            14,
            15,
            15,
            12,
            10,
            14,
            11,
            12,
            2,
            9,
            14,
            11,
            3,
            0,
            4,
            9,
            6,
            3,
            0,
            13,
            17,
            13,
            6,
            14,
            6,
            11,
            8,
            7,
            10,
            9,
            6,
            7,
            7,
            17,
            8,
            9,
            8,
            9,
            8,
            12,
            0,
            8,
            2,
            12,
            11,
            3,
            10,
            13,
            15,
            6,
            1,
            8,
            4,
            7,
            15,
            3,
            9,
            11,
            15,
            5,
            10,
            6,
            11,
            9,
            6,
            5,
            6,
            15,
            1,
            11,
            3,
            2,
            2,
            7,
            4,
            14,
            11,
            14,
            37,
            11,
            19,
            7,
            10,
            10,
            6,
            13,
            12,
            13,
            11,
            13,
            13,
            15,
            17,
            17,
            15,
            15,
            15,
            5,
            13,
            8,
            10,
            12,
            9,
            8,
            9,
            10,
            4,
            9,
            15,
            10,
            6,
            11,
            14,
            10,
            15,
            4,
            9,
            13,
            12,
            9,
            3,
            9,
            0,
            5,
            5,
            14,
            4,
            10,
            10,
            11,
            7
        ]
    },
    "runNumber": "697-2",
    "testType": "PEDESTAL_TRIM_PPA"
}
